<?xml version="1.0" encoding="UTF-8"?>
<kml xmlns="http://www.opengis.net/kml/2.2" xmlns:gx="http://www.google.com/kml/ext/2.2" xmlns:kml="http://www.opengis.net/kml/2.2" xmlns:atom="http://www.w3.org/2005/Atom">
<Document>
  <name>3021.kml</name>
  <StyleMap id="FFFF4000">
    <Pair>
      <key>normal</key>
      <styleUrl>#s_FFFF4000</styleUrl>
    </Pair>
    <Pair>
      <key>highlight</key>
      <styleUrl>#s_FFFF4000_hl</styleUrl>
    </Pair>
  </StyleMap>
  <Style id="s_FFFF4000">
   <IconStyle>
      <scale>1.1</scale>
      <Icon>
        <href>http://maps.google.com/mapfiles/kml/pushpin/agrocad.png</href>
      </Icon>
      <hotSpot x="20" y="2" xunits="pixels" yunits="pixels"/>
    </IconStyle>
    <LineStyle>
      <color>FFFF4000</color>
      <width>1</width>
    </LineStyle>
    <PolyStyle>
      <color>40ffffff</color>
      <fill>1</fill>
    </PolyStyle>
  </Style>
  <Style id="s_FFFF4000_hl">
    <IconStyle>
      <scale>1.3</scale>
      <Icon>
        <href>http://maps.google.com/mapfiles/kml/pushpin/agrocad.png</href>
      </Icon>
      <hotSpot x="20" y="2" xunits="pixels" yunits="pixels"/>
    </IconStyle>
    <LineStyle>
      <color>ff000000</color>
      <width>1</width>
    </LineStyle>
    <PolyStyle>
      <color>40ffffff</color>
      <fill>1</fill>
    </PolyStyle>
  </Style>
  <Placemark>
    <name>AgroCAD: 9170</name>
    <styleUrl>FFFF4000</styleUrl>
    <Polygon>
      <outerBoundaryIs>
        <LinearRing>
          <coordinates>
           -36.24748894034610,-9.74242981338410 -36.24749843424352,-9.74242684695617 -36.24752250045615,-9.74241624383006 -36.24755206633104,-9.74240811036647 -36.24816155624524,-9.74216393796020 -36.24824424652195,-9.74210471958915 -36.24939304590139,-9.74117332908596 -36.24997839168484,-9.74068816441401 -36.24999976101425,-9.74066772257117 -36.24972063144436,-9.74004240164438 -36.24927384268362,-9.73901548911559 -36.24830528628129,-9.73982745113554 -36.24763355678772,-9.74038422825824 -36.24762238503810,-9.74044804262668 -36.24762176982540,-9.74045155669486 -36.24762115457930,-9.74045507075574 -36.24762053928313,-9.74045858480563 -36.24761992392021,-9.74046209884091 -36.24761930847384,-9.74046561285790 -36.24761869292734,-9.74046912685297 -36.24761807726404,-9.74047264082245 -36.24761746146725,-9.74047615476269 -36.24761684552026,-9.74047966867003 -36.24761622940643,-9.74048318254081 -36.24761561310905,-9.74048669637138 -36.24761499661142,-9.74049021015809 -36.24761437989689,-9.74049372389729 -36.24761376294876,-9.74049723758532 -36.24761314575035,-9.74050075121852 -36.24761252828498,-9.74050426479324 -36.24761191053595,-9.74050777830582 -36.24761129248659,-9.74051129175261 -36.24761067412021,-9.74051480512996 -36.24761005542013,-9.74051831843420 -36.24760943636966,-9.74052183166170 -36.24760881695213,-9.74052534480879 -36.24760819715084,-9.74052885787181 -36.24760757694911,-9.74053237084711 -36.24760695633027,-9.74053588373103 -36.24760633527762,-9.74053939651993 -36.24760571377448,-9.74054290921014 -36.24760509180418,-9.74054642179802 -36.24760446934999,-9.74054993427991 -36.24760384639528,-9.74055344665215 -36.24760322292335,-9.74055695891109 -36.24760259891749,-9.74056047105307 -36.24760197436106,-9.74056398307443 -36.24760134923735,-9.74056749497154 -36.24760072352966,-9.74057100674071 -36.24760009722134,-9.74057451837832 -36.24759947029569,-9.74057802988071 -36.24759884273603,-9.74058154124419 -36.24759821452566,-9.74058505246514 -36.24759758564793,-9.74058856353989 -36.24759695608613,-9.74059207446479 -36.24759632582357,-9.74059558523621 -36.24759569484358,-9.74059909585044 -36.24759506312948,-9.74060260630387 -36.24759443066459,-9.74060611659285 -36.24759379743219,-9.74060962671368 -36.24759316341563,-9.74061313666274 -36.24759252859823,-9.74061664643637 -36.24759189296328,-9.74062015603090 -36.24759125649413,-9.74062366544271 -36.24759061917405,-9.74062717466811 -36.24758998098640,-9.74063068370346 -36.24758934191448,-9.74063419254510 -36.24758870194159,-9.74063770118939 -36.24758806105106,-9.74064120963265 -36.24758741922621,-9.74064471787125 -36.24758677645036,-9.74064822590153 -36.24758613270681,-9.74065173371982 -36.24758548797889,-9.74065524132249 -36.24758484224991,-9.74065874870585 -36.24758419550317,-9.74066225586627 -36.24758354772202,-9.74066576280010 -36.24758289888975,-9.74066926950367 -36.24758224898969,-9.74067277597332 -36.24758159800515,-9.74067628220543 -36.24758094591945,-9.74067978819632 -36.24758029271589,-9.74068329394232 -36.24757963837781,-9.74068679943980 -36.24757898288851,-9.74069030468511 -36.24757832623131,-9.74069380967456 -36.24757766838953,-9.74069731440454 -36.24757700934647,-9.74070081887136 -36.24757634908547,-9.74070432307139 -36.24757568758983,-9.74070782700096 -36.24757502484288,-9.74071133065642 -36.24757436082791,-9.74071483403410 -36.24757369552827,-9.74071833713037 -36.24757302892725,-9.74072183994158 -36.24757236100817,-9.74072534246405 -36.24757169175437,-9.74072884469413 -36.24757102114913,-9.74073234662818 -36.24757034917578,-9.74073584826253 -36.24756967581765,-9.74073934959353 -36.24756900105803,-9.74074285061753 -36.24756832488027,-9.74074635133087 -36.24756764726767,-9.74074985172989 -36.24756696820352,-9.74075335181095 -36.24756628767116,-9.74075685157039 -36.24756560565393,-9.74076035100455 -36.24756492213510,-9.74076385010978 -36.24756423709801,-9.74076734888242 -36.24756355052598,-9.74077084731882 -36.24756286240231,-9.74077434541533 -36.24756217271033,-9.74077784316827 -36.24756148143335,-9.74078134057403 -36.24756078855469,-9.74078483762891 -36.24756009405766,-9.74078833432929 -36.24755939792557,-9.74079183067147 -36.24755870014176,-9.74079532665186 -36.24755800068952,-9.74079882226675 -36.24755729955219,-9.74080231751252 -36.24755659671307,-9.74080581238550 -36.24755589215548,-9.74080930688202 -36.24755518586273,-9.74081280099846 -36.24755447781813,-9.74081629473114 -36.24755376800502,-9.74081978807642 -36.24755305640670,-9.74082328103061 -36.24755234300649,-9.74082677359012 -36.24755162778771,-9.74083026575123 -36.24755091073367,-9.74083375751031 -36.24755019182768,-9.74083724886372 -36.24754947105307,-9.74084073980780 -36.24754874839315,-9.74084423033889 -36.24754802383122,-9.74084772045331 -36.24754729735063,-9.74085121014746 -36.24754656893467,-9.74085469941764 -36.24754583856666,-9.74085818826020 -36.24754510622993,-9.74086167667150 -36.24754437190777,-9.74086516464789 -36.24754363558353,-9.74086865218569 -36.24754289724049,-9.74087213928127 -36.24754215686198,-9.74087562593097 -36.24754141443133,-9.74087911213113 -36.24754066993185,-9.74088259787810 -36.24753992334684,-9.74088608316820 -36.24753917465964,-9.74088956799782 -36.24753842385354,-9.74089305236327 -36.24753767091187,-9.74089653626090 -36.24753691581795,-9.74090001968707 -36.24753615855509,-9.74090350263813 -36.24753539910662,-9.74090698511041 -36.24753463745583,-9.74091046710024 -36.24753387358605,-9.74091394860399 -36.24753310748058,-9.74091742961801 -36.24753233912277,-9.74092091013863 -36.24753156849592,-9.74092439016218 -36.24753079558333,-9.74092786968505 -36.24753002036834,-9.74093134870355 -36.24752924283424,-9.74093482721404 -36.24752846296437,-9.74093830521285 -36.24752768074205,-9.74094178269635 -36.24752689615057,-9.74094525966085 -36.24752610917326,-9.74094873610273 -36.24752531979344,-9.74095221201831 -36.24752452799441,-9.74095568740396 -36.24752373375951,-9.74095916225600 -36.24752293707203,-9.74096263657079 -36.24752213791532,-9.74096611034467 -36.24752133627265,-9.74096958357399 -36.24752053212738,-9.74097305625508 -36.24751972546279,-9.74097652838431 -36.24751891626222,-9.74097999995801 -36.24751810450898,-9.74098347097253 -36.24751729018639,-9.74098694142422 -36.24751647327775,-9.74099041130941 -36.24751565376639,-9.74099388062446 -36.24751483163563,-9.74099734936569 -36.24751400686877,-9.74100081752948 -36.24751317944915,-9.74100428511217 -36.24751234936005,-9.74100775211007 -36.24751151658482,-9.74101121851956 -36.24751068110676,-9.74101468433698 -36.24750984290918,-9.74101814955866 -36.24750900197541,-9.74102161418096 -36.24750815828877,-9.74102507820021 -36.24750731183256,-9.74102854161279 -36.24750646259009,-9.74103200441500 -36.24750561054470,-9.74103546660322 -36.24750475567971,-9.74103892817378 -36.24750389797840,-9.74104238912302 -36.24750303742412,-9.74104584944729 -36.24750217400015,-9.74104930914294 -36.24750130768985,-9.74105276820631 -36.24750043847651,-9.74105622663375 -36.24749956634345,-9.74105968442161 -36.24749869127398,-9.74106314156622 -36.24749781325143,-9.74106659806393 -36.24749693225911,-9.74107005391111 -36.24749604829303,-9.74107350910681 -36.24749516167946,-9.74107696372196 -36.24749427309737,-9.74108041790408 -36.24749338324295,-9.74108387180441 -36.24749249281239,-9.74108732557427 -36.24749160250191,-9.74109077936490 -36.24749071300769,-9.74109423332759 -36.24748982502594,-9.74109768761361 -36.24748893925281,-9.74110114237424 -36.24748805638455,-9.74110459776074 -36.24748717711734,-9.74110805392439 -36.24748630214735,-9.74111151101647 -36.24748543217080,-9.74111496918825 -36.24748456788390,-9.74111842859100 -36.24748370998281,-9.74112188937601 -36.24748285916377,-9.74112535169453 -36.24748201612293,-9.74112881569784 -36.24748118155652,-9.74113228153722 -36.24748035616072,-9.74113574936396 -36.24747954063173,-9.74113921932930 -36.24747873566574,-9.74114269158454 -36.24747794195897,-9.74114616628094 -36.24747716020758,-9.74114964356979 -36.24747639110780,-9.74115312360234 -36.24747563535581,-9.74115660652989 -36.24747489350867,-9.74116009247444 -36.24747416462129,-9.74116358124200 -36.24747344683142,-9.74116707244567 -36.24747273826366,-9.74117056569580 -36.24747203704270,-9.74117406060273 -36.24747134129316,-9.74117755677682 -36.24747064913967,-9.74118105382838 -36.24746995870687,-9.74118455136776 -36.24746926811942,-9.74118804900533 -36.24746857550191,-9.74119154635138 -36.24746787897903,-9.74119504301630 -36.24746717667541,-9.74119853861040 -36.24746646671628,-9.74120203274416 -36.24746574786014,-9.74120552515466 -36.24746502069401,-9.74120901594470 -36.24746428613305,-9.74121250528262 -36.24746354509233,-9.74121599333683 -36.24746279848704,-9.74121948027566 -36.24746204723229,-9.74122296626752 -36.24746129224320,-9.74122645148077 -36.24746053443492,-9.74122993608381 -36.24745977472259,-9.74123342024499 -36.24745901402132,-9.74123690413270 -36.24745825324625,-9.74124038791532 -36.24745749331251,-9.74124387176124 -36.24745673513525,-9.74124735583880 -36.24745597962956,-9.74125084031640 -36.24745522771063,-9.74125432536242 -36.24745448029356,-9.74125781114524 -36.24745373829346,-9.74126129783321 -36.24745300262550,-9.74126478559473 -36.24745227420480,-9.74126827459817 -36.24745155394649,-9.74127176501191 -36.24745084276571,-9.74127525700432 -36.24745014157757,-9.74127875074380 -36.24744945129724,-9.74128224639869 -36.24744877283982,-9.74128574413741 -36.24744810712046,-9.74128924412829 -36.24744745505427,-9.74129274653976 -36.24744681755642,-9.74129625154015 -36.24744619551518,-9.74129975929310 -36.24744558881532,-9.74130326978493 -36.24744499606001,-9.74130678277540 -36.24744441576896,-9.74131029800956 -36.24744384646193,-9.74131381523247 -36.24744328665863,-9.74131733418916 -36.24744273487878,-9.74132085462469 -36.24744218964213,-9.74132437628409 -36.24744164946842,-9.74132789891244 -36.24744111287733,-9.74133142225474 -36.24744057838863,-9.74133494605608 -36.24744004452203,-9.74133847006146 -36.24743950979726,-9.74134199401596 -36.24743897273407,-9.74134551766463 -36.24743843185215,-9.74134904075248 -36.24743788567125,-9.74135256302459 -36.24743733271111,-9.74135608422600 -36.24743677161570,-9.74135960412281 -36.24743620206174,-9.74136312265623 -36.24743562423760,-9.74136663985417 -36.24743503833531,-9.74137015574520 -36.24743444454693,-9.74137367035789 -36.24743384306450,-9.74137718372076 -36.24743323408007,-9.74138069586243 -36.24743261778566,-9.74138420681139 -36.24743199437336,-9.74138771659623 -36.24743136403516,-9.74139122524553 -36.24743072696315,-9.74139473278780 -36.24743008334936,-9.74139823925162 -36.24742943338580,-9.74140174466555 -36.24742877742007,-9.74140524908277 -36.24742811684912,-9.74140875272258 -36.24742745350391,-9.74141225587302 -36.24742678921680,-9.74141575882232 -36.24742612582009,-9.74141926185872 -36.24742546514612,-9.74142276527046 -36.24742480902723,-9.74142626934581 -36.24742415929576,-9.74142977437297 -36.24742351778404,-9.74143328064020 -36.24742288632441,-9.74143678843574 -36.24742226674919,-9.74144029804781 -36.24742166089074,-9.74144380976469 -36.24742107058088,-9.74144732387454 -36.24742049707573,-9.74145084057494 -36.24741993993608,-9.74145435979692 -36.24741939841228,-9.74145788142263 -36.24741887175465,-9.74146140533427 -36.24741835921355,-9.74146493141400 -36.24741786003931,-9.74146845954398 -36.24741737348229,-9.74147198960640 -36.24741689879281,-9.74147552148343 -36.24741643522121,-9.74147905505724 -36.24741598201786,-9.74148259021001 -36.24741553843307,-9.74148612682391 -36.24741510371721,-9.74148966478109 -36.24741467712058,-9.74149320396375 -36.24741425789356,-9.74149674425407 -36.24741384528648,-9.74150028553419 -36.24741343854967,-9.74150382768631 -36.24741303693349,-9.74150737059259 -36.24741263968827,-9.74151091413521 -36.24741224606435,-9.74151445819635 -36.24741185531207,-9.74151800265815 -36.24741146668178,-9.74152154740282 -36.24741107942381,-9.74152509231252 -36.24741069278852,-9.74152863726940 -36.24741030602623,-9.74153218215567 -36.24740991838728,-9.74153572685348 -36.24740952916367,-9.74153927125127 -36.24740913819004,-9.74154281531860 -36.24740874568115,-9.74154635908203 -36.24740835185959,-9.74154990256920 -36.24740795694793,-9.74155344580783 -36.24740756116878,-9.74155698882557 -36.24740716474472,-9.74156053165012 -36.24740676789834,-9.74156407430915 -36.24740637085222,-9.74156761683035 -36.24740597382896,-9.74157115924139 -36.24740557705115,-9.74157470156997 -36.24740518074136,-9.74157824384376 -36.24740478512218,-9.74158178609042 -36.24740439041622,-9.74158532833767 -36.24740399684605,-9.74158887061316 -36.24740360463426,-9.74159241294458 -36.24740321400345,-9.74159595535962 -36.24740282517619,-9.74159949788594 -36.24740243837508,-9.74160304055126 -36.24740205382270,-9.74160658338321 -36.24740167174167,-9.74161012640950 -36.24740129235453,-9.74161366965782 -36.24740091588388,-9.74161721315583 -36.24740054255234,-9.74162075693121 -36.24740017258246,-9.74162430101166 -36.24739980619685,-9.74162784542484 -36.24739944361810,-9.74163139019845 -36.24739908506878,-9.74163493536016 -36.24739873077150,-9.74163848093766 -36.24739838094883,-9.74164202695861 -36.24739803582337,-9.74164557345072 -36.24739769561771,-9.74164912044164 -36.24739736055440,-9.74165266795904 -36.24739703078775,-9.74165621602200 -36.24739670625363,-9.74165976462180 -36.24739638684429,-9.74166331374427 -36.24739607245198,-9.74166686337519 -36.24739576296899,-9.74167041350036 -36.24739545828755,-9.74167396410558 -36.24739515829992,-9.74167751517667 -36.24739486289838,-9.74168106669940 -36.24739457197517,-9.74168461865959 -36.24739428542256,-9.74168817104302 -36.24739400313280,-9.74169172383552 -36.24739372499815,-9.74169527702285 -36.24739345091086,-9.74169883059086 -36.24739318076321,-9.74170238452530 -36.24739291444746,-9.74170593881200 -36.24739265185584,-9.74170949343675 -36.24739239288063,-9.74171304838535 -36.24739213741409,-9.74171660364360 -36.24739188534847,-9.74172015919731 -36.24739163657603,-9.74172371503225 -36.24739139098903,-9.74172727113427 -36.24739114852079,-9.74173082749081 -36.24739090928429,-9.74173438409669 -36.24739067344172,-9.74173794094875 -36.24739044115521,-9.74174149804382 -36.24739021258693,-9.74174505537876 -36.24738998789903,-9.74174861295038 -36.24738976725367,-9.74175217075552 -36.24738955081300,-9.74175572879098 -36.24738933873918,-9.74175928705365 -36.24738913119438,-9.74176284554033 -36.24738892834075,-9.74176640424786 -36.24738873034043,-9.74176996317306 -36.24738853735561,-9.74177352231278 -36.24738834954841,-9.74177708166384 -36.24738816708100,-9.74178064122307 -36.24738799011556,-9.74178420098733 -36.24738781881422,-9.74178776095344 -36.24738765333915,-9.74179132111822 -36.24738749385250,-9.74179488147851 -36.24738734051642,-9.74179844203114 -36.24738719349308,-9.74180200277296 -36.24738705294464,-9.74180556370077 -36.24738691903325,-9.74180912481144 -36.24738679192106,-9.74181268610176 -36.24738667177024,-9.74181624756862 -36.24738655874294,-9.74181980920880 -36.24738645300131,-9.74182337101916 -36.24738635470753,-9.74182693299653 -36.24738626402374,-9.74183049513774 -36.24738618111209,-9.74183405743963 -36.24738610609695,-9.74183761989844 -36.24738603889964,-9.74184118250747 -36.24738597937362,-9.74184474525895 -36.24738592737227,-9.74184830814511 -36.24738588274901,-9.74185187115823 -36.24738584535722,-9.74185543429053 -36.24738581505031,-9.74185899753425 -36.24738579168169,-9.74186256088167 -36.24738577510476,-9.74186612432500 -36.24738576517290,-9.74186968785651 -36.24738576173952,-9.74187325146844 -36.24738576465801,-9.74187681515303 -36.24738577378180,-9.74188037890254 -36.24738578896426,-9.74188394270920 -36.24738581005881,-9.74188750656526 -36.24738583691884,-9.74189107046300 -36.24738586939774,-9.74189463439461 -36.24738590734895,-9.74189819835238 -36.24738595062581,-9.74190176232855 -36.24738599908177,-9.74190532631533 -36.24738605257021,-9.74190889030501 -36.24738611094453,-9.74191245428982 -36.24738617405812,-9.74191601826201 -36.24738624176441,-9.74191958221381 -36.24738631391678,-9.74192314613748 -36.24738639036862,-9.74192671002529 -36.24738647097335,-9.74193027386944 -36.24738655558437,-9.74193383766222 -36.24738664405505,-9.74193740139584 -36.24738673623884,-9.74194096506255 -36.24738683198910,-9.74194452865463 -36.24738693115924,-9.74194809216429 -36.24738703360266,-9.74195165558382 -36.24738713917276,-9.74195521890540 -36.24738724772294,-9.74195878212134 -36.24738735910663,-9.74196234522386 -36.24738747320388,-9.74196590820483 -36.24738759009161,-9.74196947105345 -36.24738770993481,-9.74197303375770 -36.24738783289880,-9.74197659630556 -36.24738795914895,-9.74198015868497 -36.24738808885061,-9.74198372088392 -36.24738822216915,-9.74198728289042 -36.24738835926992,-9.74199084469239 -36.24738850031825,-9.74199440627783 -36.24738864547955,-9.74199796763472 -36.24738879491914,-9.74200152875102 -36.24738894880240,-9.74200508961470 -36.24738910729465,-9.74200865021374 -36.24738927056128,-9.74201221053612 -36.24738943876765,-9.74201577056981 -36.24738961207909,-9.74201933030280 -36.24738979066098,-9.74202288972302 -36.24738997467867,-9.74202644881847 -36.24739016429752,-9.74203000757714 -36.24739035968288,-9.74203356598697 -36.24739056100010,-9.74203712403597 -36.24739076841456,-9.74204068171207 -36.24739098209159,-9.74204423900328 -36.24739120219658,-9.74204779589756 -36.24739142889487,-9.74205135238287 -36.24739166235179,-9.74205490844722 -36.24739190273274,-9.74205846407854 -36.24739215020306,-9.74206201926484 -36.24739240492811,-9.74206557399407 -36.24739266707323,-9.74206912825422 -36.24739293680380,-9.74207268203325 -36.24739321428720,-9.74207623531828 -36.24739349974105,-9.74207978807537 -36.24739379343546,-9.74208334024852 -36.24739409564303,-9.74208689178071 -36.24739440663634,-9.74209044261492 -36.24739472668796,-9.74209399269413 -36.24739505607048,-9.74209754196131 -36.24739539505648,-9.74210109035944 -36.24739574391853,-9.74210463783153 -36.24739610292922,-9.74210818432050 -36.24739647236113,-9.74211172976938 -36.24739685248684,-9.74211527412114 -36.24739724357894,-9.74211881731874 -36.24739764590998,-9.74212235930517 -36.24739805975260,-9.74212590002341 -36.24739848537931,-9.74212943941644 -36.24739892306275,-9.74213297742724 -36.24739937307545,-9.74213651399879 -36.24739983569004,-9.74214004907407 -36.24740031117906,-9.74214358259604 -36.24740079981513,-9.74214711450772 -36.24740130187079,-9.74215064475204 -36.24740181761865,-9.74215417327202 -36.24740234733128,-9.74215770001062 -36.24740289128125,-9.74216122491080 -36.24740344973342,-9.74216474791156 -36.24740402286220,-9.74216826890507 -36.24740461078352,-9.74217178775320 -36.24740521361236,-9.74217530431736 -36.24740583146366,-9.74217881845894 -36.24740646445243,-9.74218233003931 -36.24740711269360,-9.74218583891988 -36.24740777630214,-9.74218934496202 -36.24740845539302,-9.74219284802713 -36.24740915008119,-9.74219634797660 -36.24740986048163,-9.74219984467182 -36.24741058670929,-9.74220333797418 -36.24741132887915,-9.74220682774506 -36.24741208710616,-9.74221031384585 -36.24741286150529,-9.74221379613794 -36.24741365219149,-9.74221727448274 -36.24741445927976,-9.74222074874161 -36.24741528288502,-9.74222421877595 -36.24741612312226,-9.74222768444715 -36.24741698010645,-9.74223114561660 -36.24741785395253,-9.74223460214569 -36.24741874477549,-9.74223805389581 -36.24741965269028,-9.74224150072835 -36.24742057781185,-9.74224494250469 -36.24742152025517,-9.74224837908622 -36.24742248006282,-9.74225181037191 -36.24742345695374,-9.74225523642855 -36.24742445055657,-9.74225865736982 -36.24742546049994,-9.74226207330939 -36.24742648641245,-9.74226548436095 -36.24742752792274,-9.74226889063817 -36.24742858465945,-9.74227229225471 -36.24742965625118,-9.74227568932425 -36.24743074232658,-9.74227908196047 -36.24743184251426,-9.74228247027704 -36.24743295644285,-9.74228585438765 -36.24743408374095,-9.74228923440596 -36.24743522403722,-9.74229261044566 -36.24743637696028,-9.74229598262039 -36.24743754213874,-9.74229935104387 -36.24743871920123,-9.74230271582975 -36.24743990777638,-9.74230607709172 -36.24744110749281,-9.74230943494342 -36.24744231797914,-9.74231278949857 -36.24744353886401,-9.74231614087081 -36.24744476977604,-9.74231948917382 -36.24744601034384,-9.74232283452131 -36.24744726019605,-9.74232617702690 -36.24744851896128,-9.74232951680432 -36.24744978626818,-9.74233285396720 -36.24745106174536,-9.74233618862923 -36.24745234502144,-9.74233952090409 -36.24745363572504,-9.74234285090546 -36.24745493348481,-9.74234617874701 -36.24745623792934,-9.74234950454242 -36.24745754868729,-9.74235282840534 -36.24745886538726,-9.74235615044947 -36.24746018765787,-9.74235947078847 -36.24746151512777,-9.74236278953603 -36.24746284742558,-9.74236610680582 -36.24746418417990,-9.74236942271151 -36.24746552501938,-9.74237273736676 -36.24746686957262,-9.74237605088528 -36.24746821746827,-9.74237936338071 -36.24746956833495,-9.74238267496677 -36.24747092180127,-9.74238598575709 -36.24747227749587,-9.74238929586536 -36.24747363504735,-9.74239260540526 -36.24747499408436,-9.74239591449047 -36.24747635423553,-9.74239922323464 -36.24747771512946,-9.74240253175147 -36.24748894034610,-9.74242981338410
          </coordinates>
        </LinearRing>
      </outerBoundaryIs>
    </Polygon>
  </Placemark>
  <Placemark>
    <name>AgroCAD: 916F</name>
    <styleUrl>FFFF4000</styleUrl>
    <Polygon>
      <outerBoundaryIs>
        <LinearRing>
          <coordinates>
           -36.24745407638622,-9.74244070684457 -36.24744398671802,-9.74241618502790 -36.24744262286676,-9.74241286931829 -36.24744125828207,-9.74240954978309 -36.24743989333869,-9.74240622630688 -36.24743852841229,-9.74240289877309 -36.24743716387970,-9.74239956706476 -36.24743580011884,-9.74239623106421 -36.24743443750874,-9.74239289065314 -36.24743307642953,-9.74238954571253 -36.24743172455980,-9.74238621416234 -36.24743036839488,-9.74238286162048 -36.24742901490176,-9.74237950419218 -36.24742766446460,-9.74237614175651 -36.24742631746868,-9.74237277419185 -36.24742497430040,-9.74236940137604 -36.24742363534743,-9.74236602318646 -36.24742230099862,-9.74236263950001 -36.24742097164396,-9.74235925019312 -36.24741964767480,-9.74235585514190 -36.24741832948362,-9.74235245422187 -36.24741701746421,-9.74234904730839 -36.24741571201163,-9.74234563427638 -36.24741441352224,-9.74234221500048 -36.24741312239372,-9.74233878935522 -36.24741183902504,-9.74233535721482 -36.24741056381658,-9.74233191845337 -36.24740929717003,-9.74232847294491 -36.24740803948844,-9.74232502056332 -36.24740679117636,-9.74232156118264 -36.24740555263965,-9.74231809467690 -36.24740432428561,-9.74231462092008 -36.24740310652307,-9.74231113978669 -36.24740189976222,-9.74230765115121 -36.24740070441474,-9.74230415488845 -36.24739952089380,-9.74230065087365 -36.24739834961410,-9.74229713898259 -36.24739719099178,-9.74229361909138 -36.24739604544451,-9.74229009107677 -36.24739491339147,-9.74228655481630 -36.24739379525337,-9.74228301018812 -36.24739269145240,-9.74227945707129 -36.24739160241231,-9.74227589534573 -36.24739052855832,-9.74227232489243 -36.24738947031715,-9.74226874559344 -36.24738842811704,-9.74226515733194 -36.24738740238767,-9.74226155999245 -36.24738639369530,-9.74225795394373 -36.24738540297872,-9.74225434133425 -36.24738443077363,-9.74225072438927 -36.24738347704828,-9.74224710363863 -36.24738254166459,-9.74224347922357 -36.24738162448480,-9.74223985128484 -36.24738072537130,-9.74223621996273 -36.24737984418674,-9.74223258539713 -36.24737898079401,-9.74222894772750 -36.24737813505621,-9.74222530709292 -36.24737730683675,-9.74222166363201 -36.24737649599923,-9.74221801748315 -36.24737570240754,-9.74221436878420 -36.24737492592579,-9.74221071767278 -36.24737416641839,-9.74220706428619 -36.24737342375001,-9.74220340876136 -36.24737269778555,-9.74219975123491 -36.24737198839021,-9.74219609184324 -36.24737129542945,-9.74219243072235 -36.24737061876898,-9.74218876800808 -36.24736995827483,-9.74218510383597 -36.24736931381324,-9.74218143834129 -36.24736868525076,-9.74217777165914 -36.24736807245420,-9.74217410392436 -36.24736747529136,-9.74217043527596 -36.24736689367110,-9.74216676611651 -36.24736632750158,-9.74216309722673 -36.24736577655581,-9.74215942911878 -36.24736524053464,-9.74215576189483 -36.24736471913391,-9.74215209562125 -36.24736421205000,-9.74214843036368 -36.24736371897984,-9.74214476618719 -36.24736323962083,-9.74214110315602 -36.24736277367096,-9.74213744133388 -36.24736232082874,-9.74213378078388 -36.24736188079331,-9.74213012156854 -36.24736145326429,-9.74212646374983 -36.24736103794199,-9.74212280738925 -36.24736063452726,-9.74211915254785 -36.24736024272154,-9.74211549928614 -36.24735986222693,-9.74211184766438 -36.24735949274612,-9.74210819774234 -36.24735913398243,-9.74210454957943 -36.24735878563980,-9.74210090323478 -36.24735844742281,-9.74209725876717 -36.24735811903667,-9.74209361623522 -36.24735780018722,-9.74208997569713 -36.24735749058095,-9.74208633721104 -36.24735718992500,-9.74208270083481 -36.24735689792614,-9.74207906661340 -36.24735661427321,-9.74207543431983 -36.24735633869255,-9.74207180345885 -36.24735607098494,-9.74206817377517 -36.24735581097382,-9.74206454527229 -36.24735555848360,-9.74206091796387 -36.24735531333897,-9.74205729186356 -36.24735507536474,-9.74205366698481 -36.24735484438602,-9.74205004334098 -36.24735462022812,-9.74204642094527 -36.24735440271658,-9.74204279981078 -36.24735419167715,-9.74203917995057 -36.24735398693584,-9.74203556137750 -36.24735378831881,-9.74203194410446 -36.24735359565253,-9.74202832814411 -36.24735340876366,-9.74202471350914 -36.24735322747908,-9.74202110021216 -36.24735305162592,-9.74201748826562 -36.24735288103155,-9.74201387768199 -36.24735271552354,-9.74201026847364 -36.24735255492970,-9.74200666065292 -36.24735239907809,-9.74200305423209 -36.24735224779698,-9.74199944922340 -36.24735210091489,-9.74199584563899 -36.24735195826055,-9.74199224349107 -36.24735181966296,-9.74198864279173 -36.24735168495128,-9.74198504355307 -36.24735155333950,-9.74198142841966 -36.24735142593306,-9.74197783297119 -36.24735130189932,-9.74197423901947 -36.24735118106852,-9.74197064657659 -36.24735106327103,-9.74196705565036 -36.24735094831031,-9.74196346536798 -36.24735083604735,-9.74195987376176 -36.24735072659696,-9.74195628057121 -36.24735062010940,-9.74195268580375 -36.24735051673518,-9.74194908946677 -36.24735041662491,-9.74194549156769 -36.24735031992943,-9.74194189211385 -36.24735022726316,-9.74193830978019 -36.24735013784775,-9.74193470797554 -36.24735005229827,-9.74193110463848 -36.24734997076622,-9.74192749977635 -36.24734989340324,-9.74192389339649 -36.24734982036116,-9.74192028550634 -36.24734975179200,-9.74191667611320 -36.24734968784795,-9.74191306522450 -36.24734962868141,-9.74190945284762 -36.24734957444495,-9.74190583899002 -36.24734952529132,-9.74190222365914 -36.24734948137345,-9.74189860686238 -36.24734944284446,-9.74189498860734 -36.24734940985766,-9.74189136890146 -36.24734938256654,-9.74188774775234 -36.24734936112477,-9.74188412516759 -36.24734934568621,-9.74188050115487 -36.24734933640491,-9.74187687572186 -36.24734933343507,-9.74187324887635 -36.24734933693112,-9.74186962062611 -36.24734934704765,-9.74186599097906 -36.24734936393942,-9.74186235994315 -36.24734938776140,-9.74185872752637 -36.24734941866871,-9.74185509373686 -36.24734945681669,-9.74185145858277 -36.24734950236084,-9.74184782207240 -36.24734955545682,-9.74184418421411 -36.24734961626049,-9.74184054501636 -36.24734968492790,-9.74183690448798 -36.24734976160798,-9.74183326297934 -36.24734984635447,-9.74182962186062 -36.24734993900836,-9.74182598234738 -36.24735003939252,-9.74182234463324 -36.24735014733443,-9.74181870872151 -36.24735026266181,-9.74181507461544 -36.24735038520257,-9.74181144231822 -36.24735051478490,-9.74180781183290 -36.24735065123719,-9.74180418316246 -36.24735079438805,-9.74180055630985 -36.24735094406632,-9.74179693127793 -36.24735110010107,-9.74179330806948 -36.24735126232159,-9.74178968668726 -36.24735143055741,-9.74178606713395 -36.24735160463828,-9.74178244941219 -36.24735178439415,-9.74177883352463 -36.24735196965524,-9.74177521947381 -36.24735216025197,-9.74177160726232 -36.24735235601500,-9.74176799689266 -36.24735255677519,-9.74176438836733 -36.24735276236365,-9.74176078168891 -36.24735297261170,-9.74175717685985 -36.24735318735091,-9.74175357388261 -36.24735340641303,-9.74174997275975 -36.24735362963008,-9.74174637349371 -36.24735385683424,-9.74174277608701 -36.24735408785800,-9.74173918054218 -36.24735432371997,-9.74173556897564 -36.24735456184364,-9.74173197797393 -36.24735480328328,-9.74172838884146 -36.24735504790640,-9.74172480108740 -36.24735529572320,-9.74172121291266 -36.24735554683140,-9.74171762391771 -36.24735580134178,-9.74171403411681 -36.24735605936524,-9.74171044352419 -36.24735631966751,-9.74170687036428 -36.24735658499023,-9.74170327877457 -36.24735685415752,-9.74169968643597 -36.24735712728063,-9.74169609336287 -36.24735740447087,-9.74169249956953 -36.24735768583968,-9.74168890507039 -36.24735797149860,-9.74168530987978 -36.24735826155924,-9.74168171401214 -36.24735855613335,-9.74167811748188 -36.24735885533273,-9.74167452030348 -36.24735915926933,-9.74167092249139 -36.24735946805514,-9.74166732406018 -36.24735978180232,-9.74166372502440 -36.24736010062306,-9.74166012539862 -36.24736042462970,-9.74165652519744 -36.24736075393463,-9.74165292443555 -36.24736108862995,-9.74164932334774 -36.24736142865836,-9.74164572326572 -36.24736177372316,-9.74164212561731 -36.24736212355962,-9.74163853071916 -36.24736247793593,-9.74163493854344 -36.24736283662076,-9.74163134906208 -36.24736319938317,-9.74162776224702 -36.24736356599269,-9.74162417807013 -36.24736393621925,-9.74162059650327 -36.24736431161249,-9.74161700062885 -36.24736468828035,-9.74161342532159 -36.24736506787473,-9.74160985253949 -36.24736545016753,-9.74160628225441 -36.24736583493103,-9.74160271443810 -36.24736622193797,-9.74159914906250 -36.24736661096151,-9.74159558609921 -36.24736700177521,-9.74159202552027 -36.24736739415311,-9.74158846729743 -36.24736778786964,-9.74158491140263 -36.24736818269966,-9.74158135780777 -36.24736857841846,-9.74157780648474 -36.24736897480175,-9.74157425740560 -36.24736937162570,-9.74157071054227 -36.24736976866683,-9.74156716586682 -36.24737016570217,-9.74156362335130 -36.24737056250912,-9.74156008296788 -36.24737095886553,-9.74155654468862 -36.24737135454965,-9.74155300848576 -36.24737174934018,-9.74154947433147 -36.24737214301622,-9.74154594219801 -36.24737253535734,-9.74154241205763 -36.24737292614347,-9.74153888388264 -36.24737331516369,-9.74153535756633 -36.24737370262616,-9.74153182924284 -36.24737408929150,-9.74152829346165 -36.24737447590814,-9.74152474991395 -36.24737486322485,-9.74152119871791 -36.24737525199526,-9.74151763999170 -36.24737564297790,-9.74151407385352 -36.24737603693621,-9.74151050042180 -36.24737643259010,-9.74150693808687 -36.24737683435726,-9.74150335421056 -36.24737724140459,-9.74149976339604 -36.24737765451258,-9.74149616576242 -36.24737807446658,-9.74149256142921 -36.24737850205681,-9.74148895051641 -36.24737893807835,-9.74148533314466 -36.24737938333114,-9.74148170943542 -36.24737983861989,-9.74147807951106 -36.24738030475419,-9.74147444349509 -36.24738078254840,-9.74147080151230 -36.24738127282162,-9.74146715368899 -36.24738177639766,-9.74146350015321 -36.24738229410502,-9.74145984103494 -36.24738282677685,-9.74145617646641 -36.24738337525082,-9.74145250658221 -36.24738394036911,-9.74144883151981 -36.24738452297831,-9.74144515141959 -36.24738512367468,-9.74144146798652 -36.24738574127962,-9.74143779139137 -36.24738637247258,-9.74143413283122 -36.24738701470541,-9.74143049487616 -36.24738766594505,-9.74142687720353 -36.24738832418818,-9.74142327949059 -36.24738898746048,-9.74141970141826 -36.24738965381652,-9.74141614267218 -36.24739032390968,-9.74141258937175 -36.24739098897638,-9.74140907752491 -36.24739165145977,-9.74140558409609 -36.24739230954235,-9.74140210879986 -36.24739296576044,-9.74139862824923 -36.24739361177186,-9.74139517701357 -36.24739425025233,-9.74139173353267 -36.24739488199873,-9.74138829172531 -36.24739550697404,-9.74138485078608 -36.24739612499715,-9.74138141068811 -36.24739673588729,-9.74137797140456 -36.24739733946401,-9.74137453290852 -36.24739793554725,-9.74137109517285 -36.24739852395722,-9.74136765817052 -36.24739910451449,-9.74136422187430 -36.24739967704001,-9.74136078625692 -36.24740024135500,-9.74135735129097 -36.24740079728404,-9.74135391693044 -36.24740134506654,-9.74135048055107 -36.24740188623769,-9.74134703442321 -36.24740242299324,-9.74134357293657 -36.24740295683480,-9.74134009570902 -36.24740348740469,-9.74133661471720 -36.24740402083832,-9.74133309928077 -36.24740455567916,-9.74132956885085 -36.24740509341584,-9.74132602368200 -36.24740563277232,-9.74132248218404 -36.24740617965963,-9.74131891577683 -36.24740673398691,-9.74131533540391 -36.24740729730922,-9.74131174132797 -36.24740787120063,-9.74130813381494 -36.24740845725395,-9.74130451313449 -36.24740905708075,-9.74130087956066 -36.24740967231114,-9.74129723337280 -36.24741030452103,-9.74129357527690 -36.24741095406731,-9.74128991242224 -36.24741161904470,-9.74128625633982 -36.24741229752723,-9.74128261204152 -36.24741298846271,-9.74127897947988 -36.24741369083119,-9.74127535847129 -36.24741440362027,-9.74127174883151 -36.24741512582514,-9.74126815037580 -36.24741585644850,-9.74126456291956 -36.24741659450046,-9.74126098627847 -36.24741733899859,-9.74125742026878 -36.24741808896776,-9.74125386470767 -36.24741884344017,-9.74125031941342 -36.24741960145526,-9.74124678420556 -36.24742036205967,-9.74124325890516 -36.24742112719193,-9.74123973007864 -36.24742188915242,-9.74123622863828 -36.24742265087957,-9.74123273657681 -36.24742341145206,-9.74122925372350 -36.24742416995563,-9.74122577990945 -36.24742492548307,-9.74122231496773 -36.24742567713428,-9.74121885873337 -36.24742642805989,-9.74121539227964 -36.24742717024157,-9.74121194839049 -36.24742790586990,-9.74120851271999 -36.24742863406968,-9.74120508510918 -36.24742935397291,-9.74120166540068 -36.24743006471880,-9.74119825343826 -36.24743076579332,-9.74119484741763 -36.24743145886460,-9.74119143640080 -36.24743214761738,-9.74118800825540 -36.24743283446550,-9.74118456016117 -36.24743351921043,-9.74118110259954 -36.24743420953953,-9.74117760627239 -36.24743490345200,-9.74117409113094 -36.24743559921951,-9.74117057582162 -36.24743630411663,-9.74116703368238 -36.24743701835166,-9.74116347391467 -36.24743774390530,-9.74115989692559 -36.24743848278855,-9.74115630312919 -36.24743923702879,-9.74115269301373 -36.24744000768663,-9.74114907168915 -36.24744079321238,-9.74114545154917 -36.24744159121853,-9.74114184072238 -36.24744240077742,-9.74113823974523 -36.24744322111769,-9.74113464845406 -36.24744405147247,-9.74113106668467 -36.24744489107936,-9.74112749427264 -36.24744573918039,-9.74112393105338 -36.24744659502201,-9.74112037686245 -36.24744745785502,-9.74111683153574 -36.24744832693455,-9.74111329490949 -36.24744920152011,-9.74110976682052 -36.24745008087536,-9.74110624710642 -36.24745096426830,-9.74110273560560 -36.24745185097110,-9.74109923215735 -36.24745274026011,-9.74109573660203 -36.24745363512783,-9.74109223430345 -36.24745452655180,-9.74108875753320 -36.24745541841016,-9.74108528818188 -36.24745630999784,-9.74108182609544 -36.24745720061388,-9.74107837112084 -36.24745808956140,-9.74107492310660 -36.24745897614757,-9.74107148190257 -36.24745985968370,-9.74106804735985 -36.24746073952915,-9.74106461915911 -36.24746161591698,-9.74106119363877 -36.24746248936613,-9.74105776743511 -36.24746335991259,-9.74105434042208 -36.24746422757263,-9.74105091260321 -36.24746509236256,-9.74104748398188 -36.24746595429865,-9.74104405456160 -36.24746681339720,-9.74104062434587 -36.24746766967450,-9.74103719333812 -36.24746852314685,-9.74103376154184 -36.24746937383053,-9.74103032896048 -36.24747022174186,-9.74102689559760 -36.24747106689713,-9.74102346145654 -36.24747190931262,-9.74102002654100 -36.24747274900467,-9.74101659085425 -36.24747358598955,-9.74101315439994 -36.24747442028360,-9.74100971718147 -36.24747525190307,-9.74100627920242 -36.24747608086432,-9.74100284046620 -36.24747690718367,-9.74099940097634 -36.24747773087739,-9.74099596073644 -36.24747855196182,-9.74099251974982 -36.24747937045326,-9.74098907802013 -36.24748018636804,-9.74098563555088 -36.24748099972249,-9.74098219234547 -36.24748181053291,-9.74097874840759 -36.24748261881565,-9.74097530374058 -36.24748342458700,-9.74097185834808 -36.24748422786332,-9.74096841223353 -36.24748502866092,-9.74096496540054 -36.24748582699615,-9.74096151785255 -36.24748662288533,-9.74095806959317 -36.24748741634479,-9.74095462062589 -36.24748820739088,-9.74095117095421 -36.24748899603992,-9.74094772058174 -36.24748978230828,-9.74094426951190 -36.24749056621229,-9.74094081774840 -36.24749134776829,-9.74093736529461 -36.24749212699261,-9.74093391215423 -36.24749290390165,-9.74093045833061 -36.24749367851171,-9.74092700382749 -36.24749445083917,-9.74092354864829 -36.24749522090038,-9.74092009279662 -36.24749598871170,-9.74091663627601 -36.24749675428948,-9.74091317909004 -36.24749751765008,-9.74090972124227 -36.24749827880989,-9.74090626273619 -36.24749903778525,-9.74090280357537 -36.24749979459252,-9.74089934376351 -36.24750054924810,-9.74089588330400 -36.24750130176835,-9.74089242220044 -36.24750205216963,-9.74088896045645 -36.24750280046834,-9.74088549807558 -36.24750354668083,-9.74088203506146 -36.24750429082351,-9.74087857141747 -36.24750503291274,-9.74087510714739 -36.24750577296491,-9.74087164225471 -36.24750651099642,-9.74086817674295 -36.24750724702364,-9.74086471061575 -36.24750798106298,-9.74086124387670 -36.24750871313084,-9.74085777652936 -36.24750944324359,-9.74085430857729 -36.24751017141762,-9.74085084002413 -36.24751089766938,-9.74084737087338 -36.24751162201522,-9.74084390112873 -36.24751234447159,-9.74084043079363 -36.24751306505486,-9.74083695987180 -36.24751378378145,-9.74083348836678 -36.24751450066778,-9.74083001628212 -36.24751521573028,-9.74082654362144 -36.24751592898530,-9.74082307038838 -36.24751664044933,-9.74081959658652 -36.24751735013878,-9.74081612221933 -36.24751805807004,-9.74081264729063 -36.24751876425956,-9.74080917180383 -36.24751946872375,-9.74080569576261 -36.24752017147906,-9.74080221917053 -36.24752087254190,-9.74079874203126 -36.24752157192874,-9.74079526434835 -36.24752226965597,-9.74079178612539 -36.24752296574005,-9.74078830736603 -36.24752366019744,-9.74078482807382 -36.24752435304455,-9.74078134825246 -36.24752504429787,-9.74077786790544 -36.24752573397379,-9.74077438703652 -36.24752642208881,-9.74077090564909 -36.24752710865935,-9.74076742374700 -36.24752779370189,-9.74076394133371 -36.24752847723288,-9.74076045841287 -36.24752915926877,-9.74075697498810 -36.24752983982604,-9.74075349106302 -36.24753051892115,-9.74075000664125 -36.24753119657054,-9.74074652172637 -36.24753187279072,-9.74074303632204 -36.24753254759813,-9.74073955043188 -36.24753322100926,-9.74073606405948 -36.24753389304061,-9.74073257720844 -36.24753456370860,-9.74072908988248 -36.24753523302975,-9.74072560208509 -36.24753590102056,-9.74072211381999 -36.24753656769747,-9.74071862509075 -36.24753723307700,-9.74071513590105 -36.24753789717563,-9.74071164625442 -36.24753856000988,-9.74070815615456 -36.24753922159618,-9.74070466560514 -36.24753988195111,-9.74070117460964 -36.24754054109111,-9.74069768317188 -36.24754119903271,-9.74069419129527 -36.24754185579240,-9.74069069898364 -36.24754251138671,-9.74068720624045 -36.24754316583212,-9.74068371306954 -36.24754381914517,-9.74068021947427 -36.24754447134238,-9.74067672545846 -36.24754512244023,-9.74067323102577 -36.24754577245525,-9.74066973617968 -36.24754642140400,-9.74066624092392 -36.24754706930297,-9.74066274526209 -36.24754771616869,-9.74065924919789 -36.24754836201769,-9.74065575273488 -36.24754900686652,-9.74065225587670 -36.24754965073168,-9.74064875862706 -36.24755029362975,-9.74064526098949 -36.24755093557722,-9.74064176296773 -36.24755157659068,-9.74063826456529 -36.24755221668666,-9.74063476578592 -36.24755285588167,-9.74063126663330 -36.24755349419230,-9.74062776711089 -36.24755413163509,-9.74062426722249 -36.24755476822659,-9.74062076697167 -36.24755540398334,-9.74061726636210 -36.24755603892195,-9.74061376539734 -36.24755667305893,-9.74061026408118 -36.24755730641086,-9.74060676241712 -36.24755793899431,-9.74060326040889 -36.24755857082584,-9.74059975806011 -36.24755920192205,-9.74059625537436 -36.24755983229945,-9.74059275235537 -36.24756046197468,-9.74058924900679 -36.24756109096430,-9.74058574533214 -36.24756171928487,-9.74058224133523 -36.24756234695298,-9.74057873701955 -36.24756297398525,-9.74057523238886 -36.24756360039822,-9.74057172744677 -36.24756422620850,-9.74056822219692 -36.24756485143271,-9.74056471664291 -36.24756547608738,-9.74056121078850 -36.24756610018919,-9.74055770463719 -36.24756672375466,-9.74055419819275 -36.24756734680044,-9.74055069145879 -36.24756796934314,-9.74054718443893 -36.24756859139933,-9.74054367713686 -36.24756921298566,-9.74054016955614 -36.24756983411872,-9.74053666170054 -36.24757045481513,-9.74053315357365 -36.24757107509151,-9.74052964517910 -36.24757169496448,-9.74052613652058 -36.24757231445065,-9.74052262760172 -36.24757293356664,-9.74051911842614 -36.24757355232913,-9.74051560899752 -36.24757417075469,-9.74051209931951 -36.24757478885999,-9.74050858939580 -36.24757540666163,-9.74050507922994 -36.24757602417628,-9.74050156882567 -36.24757664142055,-9.74049805818661 -36.24757725841111,-9.74049454731641 -36.24757787516458,-9.74049103621874 -36.24757849169764,-9.74048752489719 -36.24757910802691,-9.74048401335549 -36.24757972416905,-9.74048050159723 -36.24758034014070,-9.74047698962613 -36.24758095595853,-9.74047347744578 -36.24758157163923,-9.74046996505987 -36.24758218719942,-9.74046645247202 -36.24758280265576,-9.74046293968590 -36.24758341802495,-9.74045942670516 -36.24758403332363,-9.74045591353349 -36.24758464856850,-9.74045240017448 -36.24758526377620,-9.74044888663189 -36.24758587896344,-9.74044537290918 -36.24758649414688,-9.74044185901023 -36.24759030759958,-9.74042007613053 -36.24687356799122,-9.74101415648599 -36.24648820923094,-9.74132451295817 -36.24646333734182,-9.74135035349143 -36.24646226876412,-9.74136609560530 -36.24646601103842,-9.74140006995690 -36.24645535017356,-9.74143686528914 -36.24636093431365,-9.74163548038911 -36.24636003446631,-9.74163678945963 -36.24635330094495,-9.74165340446407 -36.24634411330464,-9.74167190879804 -36.24632825041990,-9.74171328732958 -36.24631456224680,-9.74174247048477 -36.24629851984262,-9.74177132014212 -36.24628075881251,-9.74180062947090 -36.24626431335521,-9.74182930367571 -36.24624656007466,-9.74185744722161 -36.24623654949168,-9.74187751221286 -36.24621672989245,-9.74191980324657 -36.24620124563967,-9.74195037512282 -36.24618708972374,-9.74198062555679 -36.24617284247181,-9.74201209808257 -36.24615697364565,-9.74204251130042 -36.24614270192806,-9.74207209291335 -36.24612535641035,-9.74210193029753 -36.24611077841370,-9.74213400639656 -36.24609616419145,-9.74216545072926 -36.24608515319661,-9.74219631607230 -36.24607403816880,-9.74222862178462 -36.24605874028568,-9.74225822543877 -36.24604575354037,-9.74228546838670 -36.24604289938918,-9.74230112343730 -36.24603705859052,-9.74233390650864 -36.24603336430737,-9.74237049554243 -36.24601889309541,-9.74239394623966 -36.24601579976233,-9.74242013243075 -36.24600542111110,-9.74245304979205 -36.24599940002918,-9.74248680060851 -36.24599761788065,-9.74252157845012 -36.24599972475350,-9.74255327673576 -36.24599984454498,-9.74258532745809 -36.24600125523059,-9.74261614386736 -36.24601059521074,-9.74264657855943 -36.24602364564078,-9.74267460464770 -36.24603444543684,-9.74270448495701 -36.24604624145457,-9.74273600586410 -36.24606602289460,-9.74276477244403 -36.24609165221585,-9.74278800893430 -36.24611623306278,-9.74281033785878 -36.24614514054466,-9.74282622738909 -36.24617584054027,-9.74283581970538 -36.24620874072451,-9.74284401078262 -36.24624005845154,-9.74283776551666 -36.24627036708683,-9.74283024977425 -36.24631038932269,-9.74281426601934 -36.24634842560244,-9.74278323668105 -36.24636016284622,-9.74276733313110 -36.24637361688987,-9.74274134988169 -36.24638329920860,-9.74271164157902 -36.24639135053928,-9.74268084620944 -36.24639819336191,-9.74264853333625 -36.24640407078256,-9.74261624049877 -36.24640220508612,-9.74258314269449 -36.24640313750764,-9.74255675508512 -36.24639853625323,-9.74252110552563 -36.24638913235459,-9.74248762417906 -36.24639322435108,-9.74245127779919 -36.24640524347753,-9.74241590134981 -36.24642213499721,-9.74238469083415 -36.24644867136345,-9.74235710543196 -36.24647756861432,-9.74232905853878 -36.24650335577318,-9.74230148525251 -36.24653415883017,-9.74228137942822 -36.24656953670215,-9.74227277996292 -36.24661498039469,-9.74227940153763 -36.24663133242959,-9.74229233094871 -36.24664945262067,-9.74233416086918 -36.24666575367346,-9.74236705128123 -36.24667668907246,-9.74240096772769 -36.24668482954533,-9.74243686189489 -36.24669395879665,-9.74247207260282 -36.24670462603737,-9.74250646195509 -36.24671167166486,-9.74254179999616 -36.24671765467218,-9.74256228207869 -36.24672526493478,-9.74259436163343 -36.24674135671356,-9.74262656525134 -36.24675319808590,-9.74266001209073 -36.24676965131426,-9.74269228649722 -36.24678560262603,-9.74271558472726 -36.24679038803050,-9.74271734463870 -36.24705361092788,-9.74260674259469 -36.24743885463916,-9.74244546297238 -36.24745407638622,-9.74244070684457
          </coordinates>
        </LinearRing>
      </outerBoundaryIs>
    </Polygon>
  </Placemark>
  <Placemark>
    <name>AgroCAD: 90EC</name>
    <styleUrl>FFFF4000</styleUrl>
    <Polygon>
      <outerBoundaryIs>
        <LinearRing>
          <coordinates>
           -36.24748894034610,-9.74242981338410 -36.24749843424352,-9.74242684695617 -36.24752250045615,-9.74241624383006 -36.24755206633104,-9.74240811036647 -36.24816155624524,-9.74216393796020 -36.24824424652195,-9.74210471958915 -36.24939304590139,-9.74117332908596 -36.24997839168484,-9.74068816441401 -36.24999976101425,-9.74066772257117 -36.24972063144436,-9.74004240164438 -36.24927384268362,-9.73901548911559 -36.24830528628129,-9.73982745113554 -36.24763355678772,-9.74038422825824 -36.24762238503810,-9.74044804262668 -36.24762176982540,-9.74045155669486 -36.24762115457930,-9.74045507075574 -36.24762053928313,-9.74045858480563 -36.24761992392021,-9.74046209884091 -36.24761930847384,-9.74046561285790 -36.24761869292734,-9.74046912685297 -36.24761807726404,-9.74047264082245 -36.24761746146725,-9.74047615476269 -36.24761684552026,-9.74047966867003 -36.24761622940643,-9.74048318254081 -36.24761561310905,-9.74048669637138 -36.24761499661142,-9.74049021015809 -36.24761437989689,-9.74049372389729 -36.24761376294876,-9.74049723758532 -36.24761314575035,-9.74050075121852 -36.24761252828498,-9.74050426479324 -36.24761191053595,-9.74050777830582 -36.24761129248659,-9.74051129175261 -36.24761067412021,-9.74051480512996 -36.24761005542013,-9.74051831843420 -36.24760943636966,-9.74052183166170 -36.24760881695213,-9.74052534480879 -36.24760819715084,-9.74052885787181 -36.24760757694911,-9.74053237084711 -36.24760695633027,-9.74053588373103 -36.24760633527762,-9.74053939651993 -36.24760571377448,-9.74054290921014 -36.24760509180418,-9.74054642179802 -36.24760446934999,-9.74054993427991 -36.24760384639528,-9.74055344665215 -36.24760322292335,-9.74055695891109 -36.24760259891749,-9.74056047105307 -36.24760197436106,-9.74056398307443 -36.24760134923735,-9.74056749497154 -36.24760072352966,-9.74057100674071 -36.24760009722134,-9.74057451837832 -36.24759947029569,-9.74057802988071 -36.24759884273603,-9.74058154124419 -36.24759821452566,-9.74058505246514 -36.24759758564793,-9.74058856353989 -36.24759695608613,-9.74059207446479 -36.24759632582357,-9.74059558523621 -36.24759569484358,-9.74059909585044 -36.24759506312948,-9.74060260630387 -36.24759443066459,-9.74060611659285 -36.24759379743219,-9.74060962671368 -36.24759316341563,-9.74061313666274 -36.24759252859823,-9.74061664643637 -36.24759189296328,-9.74062015603090 -36.24759125649413,-9.74062366544271 -36.24759061917405,-9.74062717466811 -36.24758998098640,-9.74063068370346 -36.24758934191448,-9.74063419254510 -36.24758870194159,-9.74063770118939 -36.24758806105106,-9.74064120963265 -36.24758741922621,-9.74064471787125 -36.24758677645036,-9.74064822590153 -36.24758613270681,-9.74065173371982 -36.24758548797889,-9.74065524132249 -36.24758484224991,-9.74065874870585 -36.24758419550317,-9.74066225586627 -36.24758354772202,-9.74066576280010 -36.24758289888975,-9.74066926950367 -36.24758224898969,-9.74067277597332 -36.24758159800515,-9.74067628220543 -36.24758094591945,-9.74067978819632 -36.24758029271589,-9.74068329394232 -36.24757963837781,-9.74068679943980 -36.24757898288851,-9.74069030468511 -36.24757832623131,-9.74069380967456 -36.24757766838953,-9.74069731440454 -36.24757700934647,-9.74070081887136 -36.24757634908547,-9.74070432307139 -36.24757568758983,-9.74070782700096 -36.24757502484288,-9.74071133065642 -36.24757436082791,-9.74071483403410 -36.24757369552827,-9.74071833713037 -36.24757302892725,-9.74072183994158 -36.24757236100817,-9.74072534246405 -36.24757169175437,-9.74072884469413 -36.24757102114913,-9.74073234662818 -36.24757034917578,-9.74073584826253 -36.24756967581765,-9.74073934959353 -36.24756900105803,-9.74074285061753 -36.24756832488027,-9.74074635133087 -36.24756764726767,-9.74074985172989 -36.24756696820352,-9.74075335181095 -36.24756628767116,-9.74075685157039 -36.24756560565393,-9.74076035100455 -36.24756492213510,-9.74076385010978 -36.24756423709801,-9.74076734888242 -36.24756355052598,-9.74077084731882 -36.24756286240231,-9.74077434541533 -36.24756217271033,-9.74077784316827 -36.24756148143335,-9.74078134057403 -36.24756078855469,-9.74078483762891 -36.24756009405766,-9.74078833432929 -36.24755939792557,-9.74079183067147 -36.24755870014176,-9.74079532665186 -36.24755800068952,-9.74079882226675 -36.24755729955219,-9.74080231751252 -36.24755659671307,-9.74080581238550 -36.24755589215548,-9.74080930688202 -36.24755518586273,-9.74081280099846 -36.24755447781813,-9.74081629473114 -36.24755376800502,-9.74081978807642 -36.24755305640670,-9.74082328103061 -36.24755234300649,-9.74082677359012 -36.24755162778771,-9.74083026575123 -36.24755091073367,-9.74083375751031 -36.24755019182768,-9.74083724886372 -36.24754947105307,-9.74084073980780 -36.24754874839315,-9.74084423033889 -36.24754802383122,-9.74084772045331 -36.24754729735063,-9.74085121014746 -36.24754656893467,-9.74085469941764 -36.24754583856666,-9.74085818826020 -36.24754510622993,-9.74086167667150 -36.24754437190777,-9.74086516464789 -36.24754363558353,-9.74086865218569 -36.24754289724049,-9.74087213928127 -36.24754215686198,-9.74087562593097 -36.24754141443133,-9.74087911213113 -36.24754066993185,-9.74088259787810 -36.24753992334684,-9.74088608316820 -36.24753917465964,-9.74088956799782 -36.24753842385354,-9.74089305236327 -36.24753767091187,-9.74089653626090 -36.24753691581795,-9.74090001968707 -36.24753615855509,-9.74090350263813 -36.24753539910662,-9.74090698511041 -36.24753463745583,-9.74091046710024 -36.24753387358605,-9.74091394860399 -36.24753310748058,-9.74091742961801 -36.24753233912277,-9.74092091013863 -36.24753156849592,-9.74092439016218 -36.24753079558333,-9.74092786968505 -36.24753002036834,-9.74093134870355 -36.24752924283424,-9.74093482721404 -36.24752846296437,-9.74093830521285 -36.24752768074205,-9.74094178269635 -36.24752689615057,-9.74094525966085 -36.24752610917326,-9.74094873610273 -36.24752531979344,-9.74095221201831 -36.24752452799441,-9.74095568740396 -36.24752373375951,-9.74095916225600 -36.24752293707203,-9.74096263657079 -36.24752213791532,-9.74096611034467 -36.24752133627265,-9.74096958357399 -36.24752053212738,-9.74097305625508 -36.24751972546279,-9.74097652838431 -36.24751891626222,-9.74097999995801 -36.24751810450898,-9.74098347097253 -36.24751729018639,-9.74098694142422 -36.24751647327775,-9.74099041130941 -36.24751565376639,-9.74099388062446 -36.24751483163563,-9.74099734936569 -36.24751400686877,-9.74100081752948 -36.24751317944915,-9.74100428511217 -36.24751234936005,-9.74100775211007 -36.24751151658482,-9.74101121851956 -36.24751068110676,-9.74101468433698 -36.24750984290918,-9.74101814955866 -36.24750900197541,-9.74102161418096 -36.24750815828877,-9.74102507820021 -36.24750731183256,-9.74102854161279 -36.24750646259009,-9.74103200441500 -36.24750561054470,-9.74103546660322 -36.24750475567971,-9.74103892817378 -36.24750389797840,-9.74104238912302 -36.24750303742412,-9.74104584944729 -36.24750217400015,-9.74104930914294 -36.24750130768985,-9.74105276820631 -36.24750043847651,-9.74105622663375 -36.24749956634345,-9.74105968442161 -36.24749869127398,-9.74106314156622 -36.24749781325143,-9.74106659806393 -36.24749693225911,-9.74107005391111 -36.24749604829303,-9.74107350910681 -36.24749516167946,-9.74107696372196 -36.24749427309737,-9.74108041790408 -36.24749338324295,-9.74108387180441 -36.24749249281239,-9.74108732557427 -36.24749160250191,-9.74109077936490 -36.24749071300769,-9.74109423332759 -36.24748982502594,-9.74109768761361 -36.24748893925281,-9.74110114237424 -36.24748805638455,-9.74110459776074 -36.24748717711734,-9.74110805392439 -36.24748630214735,-9.74111151101647 -36.24748543217080,-9.74111496918825 -36.24748456788390,-9.74111842859100 -36.24748370998281,-9.74112188937601 -36.24748285916377,-9.74112535169453 -36.24748201612293,-9.74112881569784 -36.24748118155652,-9.74113228153722 -36.24748035616072,-9.74113574936396 -36.24747954063173,-9.74113921932930 -36.24747873566574,-9.74114269158454 -36.24747794195897,-9.74114616628094 -36.24747716020758,-9.74114964356979 -36.24747639110780,-9.74115312360234 -36.24747563535581,-9.74115660652989 -36.24747489350867,-9.74116009247444 -36.24747416462129,-9.74116358124200 -36.24747344683142,-9.74116707244567 -36.24747273826366,-9.74117056569580 -36.24747203704270,-9.74117406060273 -36.24747134129316,-9.74117755677682 -36.24747064913967,-9.74118105382838 -36.24746995870687,-9.74118455136776 -36.24746926811942,-9.74118804900533 -36.24746857550191,-9.74119154635138 -36.24746787897903,-9.74119504301630 -36.24746717667541,-9.74119853861040 -36.24746646671628,-9.74120203274416 -36.24746574786014,-9.74120552515466 -36.24746502069401,-9.74120901594470 -36.24746428613305,-9.74121250528262 -36.24746354509233,-9.74121599333683 -36.24746279848704,-9.74121948027566 -36.24746204723229,-9.74122296626752 -36.24746129224320,-9.74122645148077 -36.24746053443492,-9.74122993608381 -36.24745977472259,-9.74123342024499 -36.24745901402132,-9.74123690413270 -36.24745825324625,-9.74124038791532 -36.24745749331251,-9.74124387176124 -36.24745673513525,-9.74124735583880 -36.24745597962956,-9.74125084031640 -36.24745522771063,-9.74125432536242 -36.24745448029356,-9.74125781114524 -36.24745373829346,-9.74126129783321 -36.24745300262550,-9.74126478559473 -36.24745227420480,-9.74126827459817 -36.24745155394649,-9.74127176501191 -36.24745084276571,-9.74127525700432 -36.24745014157757,-9.74127875074380 -36.24744945129724,-9.74128224639869 -36.24744877283982,-9.74128574413741 -36.24744810712046,-9.74128924412829 -36.24744745505427,-9.74129274653976 -36.24744681755642,-9.74129625154015 -36.24744619551518,-9.74129975929310 -36.24744558881532,-9.74130326978493 -36.24744499606001,-9.74130678277540 -36.24744441576896,-9.74131029800956 -36.24744384646193,-9.74131381523247 -36.24744328665863,-9.74131733418916 -36.24744273487878,-9.74132085462469 -36.24744218964213,-9.74132437628409 -36.24744164946842,-9.74132789891244 -36.24744111287733,-9.74133142225474 -36.24744057838863,-9.74133494605608 -36.24744004452203,-9.74133847006146 -36.24743950979726,-9.74134199401596 -36.24743897273407,-9.74134551766463 -36.24743843185215,-9.74134904075248 -36.24743788567125,-9.74135256302459 -36.24743733271111,-9.74135608422600 -36.24743677161570,-9.74135960412281 -36.24743620206174,-9.74136312265623 -36.24743562423760,-9.74136663985417 -36.24743503833531,-9.74137015574520 -36.24743444454693,-9.74137367035789 -36.24743384306450,-9.74137718372076 -36.24743323408007,-9.74138069586243 -36.24743261778566,-9.74138420681139 -36.24743199437336,-9.74138771659623 -36.24743136403516,-9.74139122524553 -36.24743072696315,-9.74139473278780 -36.24743008334936,-9.74139823925162 -36.24742943338580,-9.74140174466555 -36.24742877742007,-9.74140524908277 -36.24742811684912,-9.74140875272258 -36.24742745350391,-9.74141225587302 -36.24742678921680,-9.74141575882232 -36.24742612582009,-9.74141926185872 -36.24742546514612,-9.74142276527046 -36.24742480902723,-9.74142626934581 -36.24742415929576,-9.74142977437297 -36.24742351778404,-9.74143328064020 -36.24742288632441,-9.74143678843574 -36.24742226674919,-9.74144029804781 -36.24742166089074,-9.74144380976469 -36.24742107058088,-9.74144732387454 -36.24742049707573,-9.74145084057494 -36.24741993993608,-9.74145435979692 -36.24741939841228,-9.74145788142263 -36.24741887175465,-9.74146140533427 -36.24741835921355,-9.74146493141400 -36.24741786003931,-9.74146845954398 -36.24741737348229,-9.74147198960640 -36.24741689879281,-9.74147552148343 -36.24741643522121,-9.74147905505724 -36.24741598201786,-9.74148259021001 -36.24741553843307,-9.74148612682391 -36.24741510371721,-9.74148966478109 -36.24741467712058,-9.74149320396375 -36.24741425789356,-9.74149674425407 -36.24741384528648,-9.74150028553419 -36.24741343854967,-9.74150382768631 -36.24741303693349,-9.74150737059259 -36.24741263968827,-9.74151091413521 -36.24741224606435,-9.74151445819635 -36.24741185531207,-9.74151800265815 -36.24741146668178,-9.74152154740282 -36.24741107942381,-9.74152509231252 -36.24741069278852,-9.74152863726940 -36.24741030602623,-9.74153218215567 -36.24740991838728,-9.74153572685348 -36.24740952916367,-9.74153927125127 -36.24740913819004,-9.74154281531860 -36.24740874568115,-9.74154635908203 -36.24740835185959,-9.74154990256920 -36.24740795694793,-9.74155344580783 -36.24740756116878,-9.74155698882557 -36.24740716474472,-9.74156053165012 -36.24740676789834,-9.74156407430915 -36.24740637085222,-9.74156761683035 -36.24740597382896,-9.74157115924139 -36.24740557705115,-9.74157470156997 -36.24740518074136,-9.74157824384376 -36.24740478512218,-9.74158178609042 -36.24740439041622,-9.74158532833767 -36.24740399684605,-9.74158887061316 -36.24740360463426,-9.74159241294458 -36.24740321400345,-9.74159595535962 -36.24740282517619,-9.74159949788594 -36.24740243837508,-9.74160304055126 -36.24740205382270,-9.74160658338321 -36.24740167174167,-9.74161012640950 -36.24740129235453,-9.74161366965782 -36.24740091588388,-9.74161721315583 -36.24740054255234,-9.74162075693121 -36.24740017258246,-9.74162430101166 -36.24739980619685,-9.74162784542484 -36.24739944361810,-9.74163139019845 -36.24739908506878,-9.74163493536016 -36.24739873077150,-9.74163848093766 -36.24739838094883,-9.74164202695861 -36.24739803582337,-9.74164557345072 -36.24739769561771,-9.74164912044164 -36.24739736055440,-9.74165266795904 -36.24739703078775,-9.74165621602200 -36.24739670625363,-9.74165976462180 -36.24739638684429,-9.74166331374427 -36.24739607245198,-9.74166686337519 -36.24739576296899,-9.74167041350036 -36.24739545828755,-9.74167396410558 -36.24739515829992,-9.74167751517667 -36.24739486289838,-9.74168106669940 -36.24739457197517,-9.74168461865959 -36.24739428542256,-9.74168817104302 -36.24739400313280,-9.74169172383552 -36.24739372499815,-9.74169527702285 -36.24739345091086,-9.74169883059086 -36.24739318076321,-9.74170238452530 -36.24739291444746,-9.74170593881200 -36.24739265185584,-9.74170949343675 -36.24739239288063,-9.74171304838535 -36.24739213741409,-9.74171660364360 -36.24739188534847,-9.74172015919731 -36.24739163657603,-9.74172371503225 -36.24739139098903,-9.74172727113427 -36.24739114852079,-9.74173082749081 -36.24739090928429,-9.74173438409669 -36.24739067344172,-9.74173794094875 -36.24739044115521,-9.74174149804382 -36.24739021258693,-9.74174505537876 -36.24738998789903,-9.74174861295038 -36.24738976725367,-9.74175217075552 -36.24738955081300,-9.74175572879098 -36.24738933873918,-9.74175928705365 -36.24738913119438,-9.74176284554033 -36.24738892834075,-9.74176640424786 -36.24738873034043,-9.74176996317306 -36.24738853735561,-9.74177352231278 -36.24738834954841,-9.74177708166384 -36.24738816708100,-9.74178064122307 -36.24738799011556,-9.74178420098733 -36.24738781881422,-9.74178776095344 -36.24738765333915,-9.74179132111822 -36.24738749385250,-9.74179488147851 -36.24738734051642,-9.74179844203114 -36.24738719349308,-9.74180200277296 -36.24738705294464,-9.74180556370077 -36.24738691903325,-9.74180912481144 -36.24738679192106,-9.74181268610176 -36.24738667177024,-9.74181624756862 -36.24738655874294,-9.74181980920880 -36.24738645300131,-9.74182337101916 -36.24738635470753,-9.74182693299653 -36.24738626402374,-9.74183049513774 -36.24738618111209,-9.74183405743963 -36.24738610609695,-9.74183761989844 -36.24738603889964,-9.74184118250747 -36.24738597937362,-9.74184474525895 -36.24738592737227,-9.74184830814511 -36.24738588274901,-9.74185187115823 -36.24738584535722,-9.74185543429053 -36.24738581505031,-9.74185899753425 -36.24738579168169,-9.74186256088167 -36.24738577510476,-9.74186612432500 -36.24738576517290,-9.74186968785651 -36.24738576173952,-9.74187325146844 -36.24738576465801,-9.74187681515303 -36.24738577378180,-9.74188037890254 -36.24738578896426,-9.74188394270920 -36.24738581005881,-9.74188750656526 -36.24738583691884,-9.74189107046300 -36.24738586939774,-9.74189463439461 -36.24738590734895,-9.74189819835238 -36.24738595062581,-9.74190176232855 -36.24738599908177,-9.74190532631533 -36.24738605257021,-9.74190889030501 -36.24738611094453,-9.74191245428982 -36.24738617405812,-9.74191601826201 -36.24738624176441,-9.74191958221381 -36.24738631391678,-9.74192314613748 -36.24738639036862,-9.74192671002529 -36.24738647097335,-9.74193027386944 -36.24738655558437,-9.74193383766222 -36.24738664405505,-9.74193740139584 -36.24738673623884,-9.74194096506255 -36.24738683198910,-9.74194452865463 -36.24738693115924,-9.74194809216429 -36.24738703360266,-9.74195165558382 -36.24738713917276,-9.74195521890540 -36.24738724772294,-9.74195878212134 -36.24738735910663,-9.74196234522386 -36.24738747320388,-9.74196590820483 -36.24738759009161,-9.74196947105345 -36.24738770993481,-9.74197303375770 -36.24738783289880,-9.74197659630556 -36.24738795914895,-9.74198015868497 -36.24738808885061,-9.74198372088392 -36.24738822216915,-9.74198728289042 -36.24738835926992,-9.74199084469239 -36.24738850031825,-9.74199440627783 -36.24738864547955,-9.74199796763472 -36.24738879491914,-9.74200152875102 -36.24738894880240,-9.74200508961470 -36.24738910729465,-9.74200865021374 -36.24738927056128,-9.74201221053612 -36.24738943876765,-9.74201577056981 -36.24738961207909,-9.74201933030280 -36.24738979066098,-9.74202288972302 -36.24738997467867,-9.74202644881847 -36.24739016429752,-9.74203000757714 -36.24739035968288,-9.74203356598697 -36.24739056100010,-9.74203712403597 -36.24739076841456,-9.74204068171207 -36.24739098209159,-9.74204423900328 -36.24739120219658,-9.74204779589756 -36.24739142889487,-9.74205135238287 -36.24739166235179,-9.74205490844722 -36.24739190273274,-9.74205846407854 -36.24739215020306,-9.74206201926484 -36.24739240492811,-9.74206557399407 -36.24739266707323,-9.74206912825422 -36.24739293680380,-9.74207268203325 -36.24739321428720,-9.74207623531828 -36.24739349974105,-9.74207978807537 -36.24739379343546,-9.74208334024852 -36.24739409564303,-9.74208689178071 -36.24739440663634,-9.74209044261492 -36.24739472668796,-9.74209399269413 -36.24739505607048,-9.74209754196131 -36.24739539505648,-9.74210109035944 -36.24739574391853,-9.74210463783153 -36.24739610292922,-9.74210818432050 -36.24739647236113,-9.74211172976938 -36.24739685248684,-9.74211527412114 -36.24739724357894,-9.74211881731874 -36.24739764590998,-9.74212235930517 -36.24739805975260,-9.74212590002341 -36.24739848537931,-9.74212943941644 -36.24739892306275,-9.74213297742724 -36.24739937307545,-9.74213651399879 -36.24739983569004,-9.74214004907407 -36.24740031117906,-9.74214358259604 -36.24740079981513,-9.74214711450772 -36.24740130187079,-9.74215064475204 -36.24740181761865,-9.74215417327202 -36.24740234733128,-9.74215770001062 -36.24740289128125,-9.74216122491080 -36.24740344973342,-9.74216474791156 -36.24740402286220,-9.74216826890507 -36.24740461078352,-9.74217178775320 -36.24740521361236,-9.74217530431736 -36.24740583146366,-9.74217881845894 -36.24740646445243,-9.74218233003931 -36.24740711269360,-9.74218583891988 -36.24740777630214,-9.74218934496202 -36.24740845539302,-9.74219284802713 -36.24740915008119,-9.74219634797660 -36.24740986048163,-9.74219984467182 -36.24741058670929,-9.74220333797418 -36.24741132887915,-9.74220682774506 -36.24741208710616,-9.74221031384585 -36.24741286150529,-9.74221379613794 -36.24741365219149,-9.74221727448274 -36.24741445927976,-9.74222074874161 -36.24741528288502,-9.74222421877595 -36.24741612312226,-9.74222768444715 -36.24741698010645,-9.74223114561660 -36.24741785395253,-9.74223460214569 -36.24741874477549,-9.74223805389581 -36.24741965269028,-9.74224150072835 -36.24742057781185,-9.74224494250469 -36.24742152025517,-9.74224837908622 -36.24742248006282,-9.74225181037191 -36.24742345695374,-9.74225523642855 -36.24742445055657,-9.74225865736982 -36.24742546049994,-9.74226207330939 -36.24742648641245,-9.74226548436095 -36.24742752792274,-9.74226889063817 -36.24742858465945,-9.74227229225471 -36.24742965625118,-9.74227568932425 -36.24743074232658,-9.74227908196047 -36.24743184251426,-9.74228247027704 -36.24743295644285,-9.74228585438765 -36.24743408374095,-9.74228923440596 -36.24743522403722,-9.74229261044566 -36.24743637696028,-9.74229598262039 -36.24743754213874,-9.74229935104387 -36.24743871920123,-9.74230271582975 -36.24743990777638,-9.74230607709172 -36.24744110749281,-9.74230943494342 -36.24744231797914,-9.74231278949857 -36.24744353886401,-9.74231614087081 -36.24744476977604,-9.74231948917382 -36.24744601034384,-9.74232283452131 -36.24744726019605,-9.74232617702690 -36.24744851896128,-9.74232951680432 -36.24744978626818,-9.74233285396720 -36.24745106174536,-9.74233618862923 -36.24745234502144,-9.74233952090409 -36.24745363572504,-9.74234285090546 -36.24745493348481,-9.74234617874701 -36.24745623792934,-9.74234950454242 -36.24745754868729,-9.74235282840534 -36.24745886538726,-9.74235615044947 -36.24746018765787,-9.74235947078847 -36.24746151512777,-9.74236278953603 -36.24746284742558,-9.74236610680582 -36.24746418417990,-9.74236942271151 -36.24746552501938,-9.74237273736676 -36.24746686957262,-9.74237605088528 -36.24746821746827,-9.74237936338071 -36.24746956833495,-9.74238267496677 -36.24747092180127,-9.74238598575709 -36.24747227749587,-9.74238929586536 -36.24747363504735,-9.74239260540526 -36.24747499408436,-9.74239591449047 -36.24747635423553,-9.74239922323464 -36.24747771512946,-9.74240253175147 -36.24748894034610,-9.74242981338410
          </coordinates>
        </LinearRing>
      </outerBoundaryIs>
    </Polygon>
  </Placemark>
  <Placemark>
    <name>AgroCAD: 90EB</name>
    <styleUrl>FFFF4000</styleUrl>
    <Polygon>
      <outerBoundaryIs>
        <LinearRing>
          <coordinates>
           -36.24745407638622,-9.74244070684457 -36.24744398671802,-9.74241618502790 -36.24744262286676,-9.74241286931829 -36.24744125828207,-9.74240954978309 -36.24743989333869,-9.74240622630688 -36.24743852841229,-9.74240289877309 -36.24743716387970,-9.74239956706476 -36.24743580011884,-9.74239623106421 -36.24743443750874,-9.74239289065314 -36.24743307642953,-9.74238954571253 -36.24743172455980,-9.74238621416234 -36.24743036839488,-9.74238286162048 -36.24742901490176,-9.74237950419218 -36.24742766446460,-9.74237614175651 -36.24742631746868,-9.74237277419185 -36.24742497430040,-9.74236940137604 -36.24742363534743,-9.74236602318646 -36.24742230099862,-9.74236263950001 -36.24742097164396,-9.74235925019312 -36.24741964767480,-9.74235585514190 -36.24741832948362,-9.74235245422187 -36.24741701746421,-9.74234904730839 -36.24741571201163,-9.74234563427638 -36.24741441352224,-9.74234221500048 -36.24741312239372,-9.74233878935522 -36.24741183902504,-9.74233535721482 -36.24741056381658,-9.74233191845337 -36.24740929717003,-9.74232847294491 -36.24740803948844,-9.74232502056332 -36.24740679117636,-9.74232156118264 -36.24740555263965,-9.74231809467690 -36.24740432428561,-9.74231462092008 -36.24740310652307,-9.74231113978669 -36.24740189976222,-9.74230765115121 -36.24740070441474,-9.74230415488845 -36.24739952089380,-9.74230065087365 -36.24739834961410,-9.74229713898259 -36.24739719099178,-9.74229361909138 -36.24739604544451,-9.74229009107677 -36.24739491339147,-9.74228655481630 -36.24739379525337,-9.74228301018812 -36.24739269145240,-9.74227945707129 -36.24739160241231,-9.74227589534573 -36.24739052855832,-9.74227232489243 -36.24738947031715,-9.74226874559344 -36.24738842811704,-9.74226515733194 -36.24738740238767,-9.74226155999245 -36.24738639369530,-9.74225795394373 -36.24738540297872,-9.74225434133425 -36.24738443077363,-9.74225072438927 -36.24738347704828,-9.74224710363863 -36.24738254166459,-9.74224347922357 -36.24738162448480,-9.74223985128484 -36.24738072537130,-9.74223621996273 -36.24737984418674,-9.74223258539713 -36.24737898079401,-9.74222894772750 -36.24737813505621,-9.74222530709292 -36.24737730683675,-9.74222166363201 -36.24737649599923,-9.74221801748315 -36.24737570240754,-9.74221436878420 -36.24737492592579,-9.74221071767278 -36.24737416641839,-9.74220706428619 -36.24737342375001,-9.74220340876136 -36.24737269778555,-9.74219975123491 -36.24737198839021,-9.74219609184324 -36.24737129542945,-9.74219243072235 -36.24737061876898,-9.74218876800808 -36.24736995827483,-9.74218510383597 -36.24736931381324,-9.74218143834129 -36.24736868525076,-9.74217777165914 -36.24736807245420,-9.74217410392436 -36.24736747529136,-9.74217043527596 -36.24736689367110,-9.74216676611651 -36.24736632750158,-9.74216309722673 -36.24736577655581,-9.74215942911878 -36.24736524053464,-9.74215576189483 -36.24736471913391,-9.74215209562125 -36.24736421205000,-9.74214843036368 -36.24736371897984,-9.74214476618719 -36.24736323962083,-9.74214110315602 -36.24736277367096,-9.74213744133388 -36.24736232082874,-9.74213378078388 -36.24736188079331,-9.74213012156854 -36.24736145326429,-9.74212646374983 -36.24736103794199,-9.74212280738925 -36.24736063452726,-9.74211915254785 -36.24736024272154,-9.74211549928614 -36.24735986222693,-9.74211184766438 -36.24735949274612,-9.74210819774234 -36.24735913398243,-9.74210454957943 -36.24735878563980,-9.74210090323478 -36.24735844742281,-9.74209725876717 -36.24735811903667,-9.74209361623522 -36.24735780018722,-9.74208997569713 -36.24735749058095,-9.74208633721104 -36.24735718992500,-9.74208270083481 -36.24735689792614,-9.74207906661340 -36.24735661427321,-9.74207543431983 -36.24735633869255,-9.74207180345885 -36.24735607098494,-9.74206817377517 -36.24735581097382,-9.74206454527229 -36.24735555848360,-9.74206091796387 -36.24735531333897,-9.74205729186356 -36.24735507536474,-9.74205366698481 -36.24735484438602,-9.74205004334098 -36.24735462022812,-9.74204642094527 -36.24735440271658,-9.74204279981078 -36.24735419167715,-9.74203917995057 -36.24735398693584,-9.74203556137750 -36.24735378831881,-9.74203194410446 -36.24735359565253,-9.74202832814411 -36.24735340876366,-9.74202471350914 -36.24735322747908,-9.74202110021216 -36.24735305162592,-9.74201748826562 -36.24735288103155,-9.74201387768199 -36.24735271552354,-9.74201026847364 -36.24735255492970,-9.74200666065292 -36.24735239907809,-9.74200305423209 -36.24735224779698,-9.74199944922340 -36.24735210091489,-9.74199584563899 -36.24735195826055,-9.74199224349107 -36.24735181966296,-9.74198864279173 -36.24735168495128,-9.74198504355307 -36.24735155333950,-9.74198142841966 -36.24735142593306,-9.74197783297119 -36.24735130189932,-9.74197423901947 -36.24735118106852,-9.74197064657659 -36.24735106327103,-9.74196705565036 -36.24735094831031,-9.74196346536798 -36.24735083604735,-9.74195987376176 -36.24735072659696,-9.74195628057121 -36.24735062010940,-9.74195268580375 -36.24735051673518,-9.74194908946677 -36.24735041662491,-9.74194549156769 -36.24735031992943,-9.74194189211385 -36.24735022726316,-9.74193830978019 -36.24735013784775,-9.74193470797554 -36.24735005229827,-9.74193110463848 -36.24734997076622,-9.74192749977635 -36.24734989340324,-9.74192389339649 -36.24734982036116,-9.74192028550634 -36.24734975179200,-9.74191667611320 -36.24734968784795,-9.74191306522450 -36.24734962868141,-9.74190945284762 -36.24734957444495,-9.74190583899002 -36.24734952529132,-9.74190222365914 -36.24734948137345,-9.74189860686238 -36.24734944284446,-9.74189498860734 -36.24734940985766,-9.74189136890146 -36.24734938256654,-9.74188774775234 -36.24734936112477,-9.74188412516759 -36.24734934568621,-9.74188050115487 -36.24734933640491,-9.74187687572186 -36.24734933343507,-9.74187324887635 -36.24734933693112,-9.74186962062611 -36.24734934704765,-9.74186599097906 -36.24734936393942,-9.74186235994315 -36.24734938776140,-9.74185872752637 -36.24734941866871,-9.74185509373686 -36.24734945681669,-9.74185145858277 -36.24734950236084,-9.74184782207240 -36.24734955545682,-9.74184418421411 -36.24734961626049,-9.74184054501636 -36.24734968492790,-9.74183690448798 -36.24734976160798,-9.74183326297934 -36.24734984635447,-9.74182962186062 -36.24734993900836,-9.74182598234738 -36.24735003939252,-9.74182234463324 -36.24735014733443,-9.74181870872151 -36.24735026266181,-9.74181507461544 -36.24735038520257,-9.74181144231822 -36.24735051478490,-9.74180781183290 -36.24735065123719,-9.74180418316246 -36.24735079438805,-9.74180055630985 -36.24735094406632,-9.74179693127793 -36.24735110010107,-9.74179330806948 -36.24735126232159,-9.74178968668726 -36.24735143055741,-9.74178606713395 -36.24735160463828,-9.74178244941219 -36.24735178439415,-9.74177883352463 -36.24735196965524,-9.74177521947381 -36.24735216025197,-9.74177160726232 -36.24735235601500,-9.74176799689266 -36.24735255677519,-9.74176438836733 -36.24735276236365,-9.74176078168891 -36.24735297261170,-9.74175717685985 -36.24735318735091,-9.74175357388261 -36.24735340641303,-9.74174997275975 -36.24735362963008,-9.74174637349371 -36.24735385683424,-9.74174277608701 -36.24735408785800,-9.74173918054218 -36.24735432371997,-9.74173556897564 -36.24735456184364,-9.74173197797393 -36.24735480328328,-9.74172838884146 -36.24735504790640,-9.74172480108740 -36.24735529572320,-9.74172121291266 -36.24735554683140,-9.74171762391771 -36.24735580134178,-9.74171403411681 -36.24735605936524,-9.74171044352419 -36.24735631966751,-9.74170687036428 -36.24735658499023,-9.74170327877457 -36.24735685415752,-9.74169968643597 -36.24735712728063,-9.74169609336287 -36.24735740447087,-9.74169249956953 -36.24735768583968,-9.74168890507039 -36.24735797149860,-9.74168530987978 -36.24735826155924,-9.74168171401214 -36.24735855613335,-9.74167811748188 -36.24735885533273,-9.74167452030348 -36.24735915926933,-9.74167092249139 -36.24735946805514,-9.74166732406018 -36.24735978180232,-9.74166372502440 -36.24736010062306,-9.74166012539862 -36.24736042462970,-9.74165652519744 -36.24736075393463,-9.74165292443555 -36.24736108862995,-9.74164932334774 -36.24736142865836,-9.74164572326572 -36.24736177372316,-9.74164212561731 -36.24736212355962,-9.74163853071916 -36.24736247793593,-9.74163493854344 -36.24736283662076,-9.74163134906208 -36.24736319938317,-9.74162776224702 -36.24736356599269,-9.74162417807013 -36.24736393621925,-9.74162059650327 -36.24736431161249,-9.74161700062885 -36.24736468828035,-9.74161342532159 -36.24736506787473,-9.74160985253949 -36.24736545016753,-9.74160628225441 -36.24736583493103,-9.74160271443810 -36.24736622193797,-9.74159914906250 -36.24736661096151,-9.74159558609921 -36.24736700177521,-9.74159202552027 -36.24736739415311,-9.74158846729743 -36.24736778786964,-9.74158491140263 -36.24736818269966,-9.74158135780777 -36.24736857841846,-9.74157780648474 -36.24736897480175,-9.74157425740560 -36.24736937162570,-9.74157071054227 -36.24736976866683,-9.74156716586682 -36.24737016570217,-9.74156362335130 -36.24737056250912,-9.74156008296788 -36.24737095886553,-9.74155654468862 -36.24737135454965,-9.74155300848576 -36.24737174934018,-9.74154947433147 -36.24737214301622,-9.74154594219801 -36.24737253535734,-9.74154241205763 -36.24737292614347,-9.74153888388264 -36.24737331516369,-9.74153535756633 -36.24737370262616,-9.74153182924284 -36.24737408929150,-9.74152829346165 -36.24737447590814,-9.74152474991395 -36.24737486322485,-9.74152119871791 -36.24737525199526,-9.74151763999170 -36.24737564297790,-9.74151407385352 -36.24737603693621,-9.74151050042180 -36.24737643259010,-9.74150693808687 -36.24737683435726,-9.74150335421056 -36.24737724140459,-9.74149976339604 -36.24737765451258,-9.74149616576242 -36.24737807446658,-9.74149256142921 -36.24737850205681,-9.74148895051641 -36.24737893807835,-9.74148533314466 -36.24737938333114,-9.74148170943542 -36.24737983861989,-9.74147807951106 -36.24738030475419,-9.74147444349509 -36.24738078254840,-9.74147080151230 -36.24738127282162,-9.74146715368899 -36.24738177639766,-9.74146350015321 -36.24738229410502,-9.74145984103494 -36.24738282677685,-9.74145617646641 -36.24738337525082,-9.74145250658221 -36.24738394036911,-9.74144883151981 -36.24738452297831,-9.74144515141959 -36.24738512367468,-9.74144146798652 -36.24738574127962,-9.74143779139137 -36.24738637247258,-9.74143413283122 -36.24738701470541,-9.74143049487616 -36.24738766594505,-9.74142687720353 -36.24738832418818,-9.74142327949059 -36.24738898746048,-9.74141970141826 -36.24738965381652,-9.74141614267218 -36.24739032390968,-9.74141258937175 -36.24739098897638,-9.74140907752491 -36.24739165145977,-9.74140558409609 -36.24739230954235,-9.74140210879986 -36.24739296576044,-9.74139862824923 -36.24739361177186,-9.74139517701357 -36.24739425025233,-9.74139173353267 -36.24739488199873,-9.74138829172531 -36.24739550697404,-9.74138485078608 -36.24739612499715,-9.74138141068811 -36.24739673588729,-9.74137797140456 -36.24739733946401,-9.74137453290852 -36.24739793554725,-9.74137109517285 -36.24739852395722,-9.74136765817052 -36.24739910451449,-9.74136422187430 -36.24739967704001,-9.74136078625692 -36.24740024135500,-9.74135735129097 -36.24740079728404,-9.74135391693044 -36.24740134506654,-9.74135048055107 -36.24740188623769,-9.74134703442321 -36.24740242299324,-9.74134357293657 -36.24740295683480,-9.74134009570902 -36.24740348740469,-9.74133661471720 -36.24740402083832,-9.74133309928077 -36.24740455567916,-9.74132956885085 -36.24740509341584,-9.74132602368200 -36.24740563277232,-9.74132248218404 -36.24740617965963,-9.74131891577683 -36.24740673398691,-9.74131533540391 -36.24740729730922,-9.74131174132797 -36.24740787120063,-9.74130813381494 -36.24740845725395,-9.74130451313449 -36.24740905708075,-9.74130087956066 -36.24740967231114,-9.74129723337280 -36.24741030452103,-9.74129357527690 -36.24741095406731,-9.74128991242224 -36.24741161904470,-9.74128625633982 -36.24741229752723,-9.74128261204152 -36.24741298846271,-9.74127897947988 -36.24741369083119,-9.74127535847129 -36.24741440362027,-9.74127174883151 -36.24741512582514,-9.74126815037580 -36.24741585644850,-9.74126456291956 -36.24741659450046,-9.74126098627847 -36.24741733899859,-9.74125742026878 -36.24741808896776,-9.74125386470767 -36.24741884344017,-9.74125031941342 -36.24741960145526,-9.74124678420556 -36.24742036205967,-9.74124325890516 -36.24742112719193,-9.74123973007864 -36.24742188915242,-9.74123622863828 -36.24742265087957,-9.74123273657681 -36.24742341145206,-9.74122925372350 -36.24742416995563,-9.74122577990945 -36.24742492548307,-9.74122231496773 -36.24742567713428,-9.74121885873337 -36.24742642805989,-9.74121539227964 -36.24742717024157,-9.74121194839049 -36.24742790586990,-9.74120851271999 -36.24742863406968,-9.74120508510918 -36.24742935397291,-9.74120166540068 -36.24743006471880,-9.74119825343826 -36.24743076579332,-9.74119484741763 -36.24743145886460,-9.74119143640080 -36.24743214761738,-9.74118800825540 -36.24743283446550,-9.74118456016117 -36.24743351921043,-9.74118110259954 -36.24743420953953,-9.74117760627239 -36.24743490345200,-9.74117409113094 -36.24743559921951,-9.74117057582162 -36.24743630411663,-9.74116703368238 -36.24743701835166,-9.74116347391467 -36.24743774390530,-9.74115989692559 -36.24743848278855,-9.74115630312919 -36.24743923702879,-9.74115269301373 -36.24744000768663,-9.74114907168915 -36.24744079321238,-9.74114545154917 -36.24744159121853,-9.74114184072238 -36.24744240077742,-9.74113823974523 -36.24744322111769,-9.74113464845406 -36.24744405147247,-9.74113106668467 -36.24744489107936,-9.74112749427264 -36.24744573918039,-9.74112393105338 -36.24744659502201,-9.74112037686245 -36.24744745785502,-9.74111683153574 -36.24744832693455,-9.74111329490949 -36.24744920152011,-9.74110976682052 -36.24745008087536,-9.74110624710642 -36.24745096426830,-9.74110273560560 -36.24745185097110,-9.74109923215735 -36.24745274026011,-9.74109573660203 -36.24745363512783,-9.74109223430345 -36.24745452655180,-9.74108875753320 -36.24745541841016,-9.74108528818188 -36.24745630999784,-9.74108182609544 -36.24745720061388,-9.74107837112084 -36.24745808956140,-9.74107492310660 -36.24745897614757,-9.74107148190257 -36.24745985968370,-9.74106804735985 -36.24746073952915,-9.74106461915911 -36.24746161591698,-9.74106119363877 -36.24746248936613,-9.74105776743511 -36.24746335991259,-9.74105434042208 -36.24746422757263,-9.74105091260321 -36.24746509236256,-9.74104748398188 -36.24746595429865,-9.74104405456160 -36.24746681339720,-9.74104062434587 -36.24746766967450,-9.74103719333812 -36.24746852314685,-9.74103376154184 -36.24746937383053,-9.74103032896048 -36.24747022174186,-9.74102689559760 -36.24747106689713,-9.74102346145654 -36.24747190931262,-9.74102002654100 -36.24747274900467,-9.74101659085425 -36.24747358598955,-9.74101315439994 -36.24747442028360,-9.74100971718147 -36.24747525190307,-9.74100627920242 -36.24747608086432,-9.74100284046620 -36.24747690718367,-9.74099940097634 -36.24747773087739,-9.74099596073644 -36.24747855196182,-9.74099251974982 -36.24747937045326,-9.74098907802013 -36.24748018636804,-9.74098563555088 -36.24748099972249,-9.74098219234547 -36.24748181053291,-9.74097874840759 -36.24748261881565,-9.74097530374058 -36.24748342458700,-9.74097185834808 -36.24748422786332,-9.74096841223353 -36.24748502866092,-9.74096496540054 -36.24748582699615,-9.74096151785255 -36.24748662288533,-9.74095806959317 -36.24748741634479,-9.74095462062589 -36.24748820739088,-9.74095117095421 -36.24748899603992,-9.74094772058174 -36.24748978230828,-9.74094426951190 -36.24749056621229,-9.74094081774840 -36.24749134776829,-9.74093736529461 -36.24749212699261,-9.74093391215423 -36.24749290390165,-9.74093045833061 -36.24749367851171,-9.74092700382749 -36.24749445083917,-9.74092354864829 -36.24749522090038,-9.74092009279662 -36.24749598871170,-9.74091663627601 -36.24749675428948,-9.74091317909004 -36.24749751765008,-9.74090972124227 -36.24749827880989,-9.74090626273619 -36.24749903778525,-9.74090280357537 -36.24749979459252,-9.74089934376351 -36.24750054924810,-9.74089588330400 -36.24750130176835,-9.74089242220044 -36.24750205216963,-9.74088896045645 -36.24750280046834,-9.74088549807558 -36.24750354668083,-9.74088203506146 -36.24750429082351,-9.74087857141747 -36.24750503291274,-9.74087510714739 -36.24750577296491,-9.74087164225471 -36.24750651099642,-9.74086817674295 -36.24750724702364,-9.74086471061575 -36.24750798106298,-9.74086124387670 -36.24750871313084,-9.74085777652936 -36.24750944324359,-9.74085430857729 -36.24751017141762,-9.74085084002413 -36.24751089766938,-9.74084737087338 -36.24751162201522,-9.74084390112873 -36.24751234447159,-9.74084043079363 -36.24751306505486,-9.74083695987180 -36.24751378378145,-9.74083348836678 -36.24751450066778,-9.74083001628212 -36.24751521573028,-9.74082654362144 -36.24751592898530,-9.74082307038838 -36.24751664044933,-9.74081959658652 -36.24751735013878,-9.74081612221933 -36.24751805807004,-9.74081264729063 -36.24751876425956,-9.74080917180383 -36.24751946872375,-9.74080569576261 -36.24752017147906,-9.74080221917053 -36.24752087254190,-9.74079874203126 -36.24752157192874,-9.74079526434835 -36.24752226965597,-9.74079178612539 -36.24752296574005,-9.74078830736603 -36.24752366019744,-9.74078482807382 -36.24752435304455,-9.74078134825246 -36.24752504429787,-9.74077786790544 -36.24752573397379,-9.74077438703652 -36.24752642208881,-9.74077090564909 -36.24752710865935,-9.74076742374700 -36.24752779370189,-9.74076394133371 -36.24752847723288,-9.74076045841287 -36.24752915926877,-9.74075697498810 -36.24752983982604,-9.74075349106302 -36.24753051892115,-9.74075000664125 -36.24753119657054,-9.74074652172637 -36.24753187279072,-9.74074303632204 -36.24753254759813,-9.74073955043188 -36.24753322100926,-9.74073606405948 -36.24753389304061,-9.74073257720844 -36.24753456370860,-9.74072908988248 -36.24753523302975,-9.74072560208509 -36.24753590102056,-9.74072211381999 -36.24753656769747,-9.74071862509075 -36.24753723307700,-9.74071513590105 -36.24753789717563,-9.74071164625442 -36.24753856000988,-9.74070815615456 -36.24753922159618,-9.74070466560514 -36.24753988195111,-9.74070117460964 -36.24754054109111,-9.74069768317188 -36.24754119903271,-9.74069419129527 -36.24754185579240,-9.74069069898364 -36.24754251138671,-9.74068720624045 -36.24754316583212,-9.74068371306954 -36.24754381914517,-9.74068021947427 -36.24754447134238,-9.74067672545846 -36.24754512244023,-9.74067323102577 -36.24754577245525,-9.74066973617968 -36.24754642140400,-9.74066624092392 -36.24754706930297,-9.74066274526209 -36.24754771616869,-9.74065924919789 -36.24754836201769,-9.74065575273488 -36.24754900686652,-9.74065225587670 -36.24754965073168,-9.74064875862706 -36.24755029362975,-9.74064526098949 -36.24755093557722,-9.74064176296773 -36.24755157659068,-9.74063826456529 -36.24755221668666,-9.74063476578592 -36.24755285588167,-9.74063126663330 -36.24755349419230,-9.74062776711089 -36.24755413163509,-9.74062426722249 -36.24755476822659,-9.74062076697167 -36.24755540398334,-9.74061726636210 -36.24755603892195,-9.74061376539734 -36.24755667305893,-9.74061026408118 -36.24755730641086,-9.74060676241712 -36.24755793899431,-9.74060326040889 -36.24755857082584,-9.74059975806011 -36.24755920192205,-9.74059625537436 -36.24755983229945,-9.74059275235537 -36.24756046197468,-9.74058924900679 -36.24756109096430,-9.74058574533214 -36.24756171928487,-9.74058224133523 -36.24756234695298,-9.74057873701955 -36.24756297398525,-9.74057523238886 -36.24756360039822,-9.74057172744677 -36.24756422620850,-9.74056822219692 -36.24756485143271,-9.74056471664291 -36.24756547608738,-9.74056121078850 -36.24756610018919,-9.74055770463719 -36.24756672375466,-9.74055419819275 -36.24756734680044,-9.74055069145879 -36.24756796934314,-9.74054718443893 -36.24756859139933,-9.74054367713686 -36.24756921298566,-9.74054016955614 -36.24756983411872,-9.74053666170054 -36.24757045481513,-9.74053315357365 -36.24757107509151,-9.74052964517910 -36.24757169496448,-9.74052613652058 -36.24757231445065,-9.74052262760172 -36.24757293356664,-9.74051911842614 -36.24757355232913,-9.74051560899752 -36.24757417075469,-9.74051209931951 -36.24757478885999,-9.74050858939580 -36.24757540666163,-9.74050507922994 -36.24757602417628,-9.74050156882567 -36.24757664142055,-9.74049805818661 -36.24757725841111,-9.74049454731641 -36.24757787516458,-9.74049103621874 -36.24757849169764,-9.74048752489719 -36.24757910802691,-9.74048401335549 -36.24757972416905,-9.74048050159723 -36.24758034014070,-9.74047698962613 -36.24758095595853,-9.74047347744578 -36.24758157163923,-9.74046996505987 -36.24758218719942,-9.74046645247202 -36.24758280265576,-9.74046293968590 -36.24758341802495,-9.74045942670516 -36.24758403332363,-9.74045591353349 -36.24758464856850,-9.74045240017448 -36.24758526377620,-9.74044888663189 -36.24758587896344,-9.74044537290918 -36.24758649414688,-9.74044185901023 -36.24759030759958,-9.74042007613053 -36.24687356799122,-9.74101415648599 -36.24648820923094,-9.74132451295817 -36.24646333734182,-9.74135035349143 -36.24646226876412,-9.74136609560530 -36.24646601103842,-9.74140006995690 -36.24645535017356,-9.74143686528914 -36.24636093431365,-9.74163548038911 -36.24636003446631,-9.74163678945963 -36.24635330094495,-9.74165340446407 -36.24634411330464,-9.74167190879804 -36.24632825041990,-9.74171328732958 -36.24631456224680,-9.74174247048477 -36.24629851984262,-9.74177132014212 -36.24628075881251,-9.74180062947090 -36.24626431335521,-9.74182930367571 -36.24624656007466,-9.74185744722161 -36.24623654949168,-9.74187751221286 -36.24621672989245,-9.74191980324657 -36.24620124563967,-9.74195037512282 -36.24618708972374,-9.74198062555679 -36.24617284247181,-9.74201209808257 -36.24615697364565,-9.74204251130042 -36.24614270192806,-9.74207209291335 -36.24612535641035,-9.74210193029753 -36.24611077841370,-9.74213400639656 -36.24609616419145,-9.74216545072926 -36.24608515319661,-9.74219631607230 -36.24607403816880,-9.74222862178462 -36.24605874028568,-9.74225822543877 -36.24604575354037,-9.74228546838670 -36.24604289938918,-9.74230112343730 -36.24603705859052,-9.74233390650864 -36.24603336430737,-9.74237049554243 -36.24601889309541,-9.74239394623966 -36.24601579976233,-9.74242013243075 -36.24600542111110,-9.74245304979205 -36.24599940002918,-9.74248680060851 -36.24599761788065,-9.74252157845012 -36.24599972475350,-9.74255327673576 -36.24599984454498,-9.74258532745809 -36.24600125523059,-9.74261614386736 -36.24601059521074,-9.74264657855943 -36.24602364564078,-9.74267460464770 -36.24603444543684,-9.74270448495701 -36.24604624145457,-9.74273600586410 -36.24606602289460,-9.74276477244403 -36.24609165221585,-9.74278800893430 -36.24611623306278,-9.74281033785878 -36.24614514054466,-9.74282622738909 -36.24617584054027,-9.74283581970538 -36.24620874072451,-9.74284401078262 -36.24624005845154,-9.74283776551666 -36.24627036708683,-9.74283024977425 -36.24631038932269,-9.74281426601934 -36.24634842560244,-9.74278323668105 -36.24636016284622,-9.74276733313110 -36.24637361688987,-9.74274134988169 -36.24638329920860,-9.74271164157902 -36.24639135053928,-9.74268084620944 -36.24639819336191,-9.74264853333625 -36.24640407078256,-9.74261624049877 -36.24640220508612,-9.74258314269449 -36.24640313750764,-9.74255675508512 -36.24639853625323,-9.74252110552563 -36.24638913235459,-9.74248762417906 -36.24639322435108,-9.74245127779919 -36.24640524347753,-9.74241590134981 -36.24642213499721,-9.74238469083415 -36.24644867136345,-9.74235710543196 -36.24647756861432,-9.74232905853878 -36.24650335577318,-9.74230148525251 -36.24653415883017,-9.74228137942822 -36.24656953670215,-9.74227277996292 -36.24661498039469,-9.74227940153763 -36.24663133242959,-9.74229233094871 -36.24664945262067,-9.74233416086918 -36.24666575367346,-9.74236705128123 -36.24667668907246,-9.74240096772769 -36.24668482954533,-9.74243686189489 -36.24669395879665,-9.74247207260282 -36.24670462603737,-9.74250646195509 -36.24671167166486,-9.74254179999616 -36.24671765467218,-9.74256228207869 -36.24672526493478,-9.74259436163343 -36.24674135671356,-9.74262656525134 -36.24675319808590,-9.74266001209073 -36.24676965131426,-9.74269228649722 -36.24678560262603,-9.74271558472726 -36.24679038803050,-9.74271734463870 -36.24705361092788,-9.74260674259469 -36.24743885463916,-9.74244546297238 -36.24745407638622,-9.74244070684457
          </coordinates>
        </LinearRing>
      </outerBoundaryIs>
    </Polygon>
  </Placemark>
  <Placemark>
    <name>AgroCAD: 9531</name>
    <styleUrl>FFFF4000</styleUrl>
    <Polygon>
      <outerBoundaryIs>
        <LinearRing>
          <coordinates>
           -36.24938857625828,-9.74169734843883 -36.24944818473403,-9.74167401569765 -36.24973934603174,-9.74152667817179 -36.24991361145689,-9.74143251920001 -36.25007565475689,-9.74134932814722 -36.25015089326063,-9.74141373625738 -36.25021972907727,-9.74143748004654 -36.25023081693727,-9.74144462724534 -36.25028224318167,-9.74151039693222 -36.25034124802745,-9.74155772388155 -36.25037401785514,-9.74162100158071 -36.25043635697110,-9.74177265760665 -36.25038185395867,-9.74180409200153 -36.25019634077923,-9.74189908526801 -36.24998259274103,-9.74201625294628 -36.24955991440307,-9.74224004289528 -36.24930194430713,-9.74238167105394 -36.24913087062716,-9.74247324793832 -36.24887960457480,-9.74261326881284 -36.24867569010458,-9.74272514423624 -36.24848495594942,-9.74282825409471 -36.24825402877899,-9.74294424594313 -36.24813893121768,-9.74299799170692 -36.24804499099655,-9.74304550685949 -36.24794431410997,-9.74309090178368 -36.24785484131680,-9.74313421866967 -36.24780948955521,-9.74314894522396 -36.24779583140971,-9.74309986889947 -36.24778832074440,-9.74306540152278 -36.24778013617220,-9.74300353087930 -36.24775710132052,-9.74290219889552 -36.24774912979094,-9.74286962576794 -36.24776253567898,-9.74286487612021 -36.24777458766312,-9.74286060615412 -36.24778663964710,-9.74285633618752 -36.24779869163083,-9.74285206622041 -36.24781074361439,-9.74284779625279 -36.24782283613328,-9.74284351192308 -36.24783489615483,-9.74283915390362 -36.24784691573270,-9.74283481049835 -36.24785893531035,-9.74283046709258 -36.24787095488783,-9.74282612368628 -36.24788297446505,-9.74282178027948 -36.24789507502367,-9.74281740760856 -36.24790711039326,-9.74281288705361 -36.24791906515967,-9.74280839677308 -36.24793101992588,-9.74280390649202 -36.24794297469185,-9.74279941621047 -36.24795492945763,-9.74279492592840 -36.24796696997652,-9.74279040343634 -36.24797894119078,-9.74278572375298 -36.24799082709501,-9.74278107741771 -36.24800278331933,-9.74277640359288 -36.24801468252350,-9.74277160048414 -36.24802651171810,-9.74276682563414 -36.24803842097210,-9.74276201846758 -36.24805026499701,-9.74275706342592 -36.24806202938060,-9.74275214170222 -36.24807388325449,-9.74274718253893 -36.24808566378423,-9.74274205713783 -36.24809735536881,-9.74273697043384 -36.24810913780880,-9.74273184420040 -36.24812084538996,-9.74272654809247 -36.24813246270350,-9.74272129281785 -36.24814416025278,-9.74271600124676 -36.24815579152132,-9.74271055863741 -36.24816734303260,-9.74270515334820 -36.24817899222962,-9.74269970234835 -36.24819056059477,-9.74269406564211 -36.24820203201443,-9.74268847617211 -36.24821350343378,-9.74268288670162 -36.24822497485284,-9.74267729723062 -36.24823644627159,-9.74267170775914 -36.24824801067047,-9.74266607298226 -36.24825949859699,-9.74266025930621 -36.24827089424606,-9.74265449232819 -36.24828228989481,-9.74264872534971 -36.24829368554328,-9.74264295837070 -36.24830508119141,-9.74263719139122 -36.24831653151121,-9.74263139674348 -36.24832793706775,-9.74262549602798 -36.24833928820479,-9.74261962346602 -36.24835063934153,-9.74261375090354 -36.24836199047793,-9.74260787834059 -36.24837334161398,-9.74260200577716 -36.24838474567652,-9.74259610583131 -36.24839609674629,-9.74259010755172 -36.24840739513219,-9.74258413711136 -36.24841875194961,-9.74257813579318 -36.24843004442160,-9.74257202835689 -36.24844127876587,-9.74256595235780 -36.24845258909276,-9.74255983526349 -36.24846381277399,-9.74255358074605 -36.24847496100284,-9.74254736827457 -36.24848620249947,-9.74254110382793 -36.24849733497564,-9.74253467055348 -36.24850837501530,-9.74252829069590 -36.24851952522251,-9.74252184717360 -36.24853054395046,-9.74251520332369 -36.24854145372716,-9.74250862516629 -36.24855249002604,-9.74250197072041 -36.24856337229679,-9.74249508436567 -36.24857412974107,-9.74248827700103 -36.24858502147607,-9.74248138465583 -36.24859574669020,-9.74247424327866 -36.24860633964683,-9.74246718996433 -36.24861704988495,-9.74246005855748 -36.24862761286546,-9.74245270641559 -36.24863806021648,-9.74244543475447 -36.24864860370244,-9.74243809617988 -36.24865902534919,-9.74243057388697 -36.24866935203399,-9.74242312013642 -36.24867975442514,-9.74241561174061 -36.24869006032823,-9.74240795648929 -36.24870029128626,-9.74240035690657 -36.24871057817195,-9.74239271577988 -36.24872079383986,-9.74238496451392 -36.24873095401056,-9.74237725535640 -36.24874116211186,-9.74236950983018 -36.24875131304403,-9.74236166570756 -36.24876141637047,-9.74235385837146 -36.24877151969649,-9.74234605103492 -36.24878162302206,-9.74233824369794 -36.24879172634718,-9.74233043636055 -36.24880182967190,-9.74232262902271 -36.24881193299615,-9.74231482168443 -36.24882203631995,-9.74230701434574 -36.24883213964335,-9.74229920700660 -36.24884224296629,-9.74229139966703 -36.24885234628878,-9.74228359232704 -36.24886248717673,-9.74227575595759 -36.24887256748406,-9.74226785377103 -36.24888261042998,-9.74225998087215 -36.24889265337545,-9.74225210797286 -36.24890269632049,-9.74224423507315 -36.24891273926510,-9.74223636217299 -36.24892287776814,-9.74222841436156 -36.24893285770583,-9.74222029995477 -36.24894274344577,-9.74221226213678 -36.24895272951139,-9.74220414274596 -36.24896254786837,-9.74219584555641 -36.24897226747836,-9.74218763181413 -36.24898211366260,-9.74217931110700 -36.24899174506106,-9.74217076196786 -36.24900125254626,-9.74216232281734 -36.24901090876931,-9.74215375164144 -36.24902030701156,-9.74214490563061 -36.24902956046657,-9.74213619589862 -36.24903894873047,-9.74212735927811 -36.24904809740583,-9.74211826642937 -36.24905711480057,-9.74210930405924 -36.24906622858171,-9.74210024589006 -36.24907516775461,-9.74209099902435 -36.24908401248822,-9.74208184984775 -36.24909293131393,-9.74207262402784 -36.24910171735121,-9.74206324569296 -36.24911043051520,-9.74205394514307 -36.24911914367868,-9.74204464459287 -36.24912785684170,-9.74203534404226 -36.24913657000420,-9.74202604349133 -36.24914528316624,-9.74201674294000 -36.24915399632775,-9.74200744238836 -36.24916270948880,-9.74199814183631 -36.24917143295102,-9.74198883028776 -36.24918013539205,-9.74197949980775 -36.24918882755547,-9.74197018034620 -36.24919758697187,-9.74196078877723 -36.24920619679970,-9.74195128482511 -36.24921474043436,-9.74194185393938 -36.24922341213974,-9.74193228168194 -36.24923179618971,-9.74192248783875 -36.24924005621509,-9.74191283887418 -36.24924849023070,-9.74190298666163 -36.24925652049423,-9.74189282123710 -36.24926438496066,-9.74188286569243 -36.24927240510352,-9.74187271307760 -36.24928004663575,-9.74186226681305 -36.24928753993464,-9.74185202318809 -36.24929515157265,-9.74184161778804 -36.24930246135779,-9.74183097848633 -36.24930965766377,-9.74182050435106 -36.24931693879844,-9.74180990674771 -36.24932399442425,-9.74179913443654 -36.24933096798518,-9.74178848741844 -36.24933800969289,-9.74177773635490 -36.24934486384865,-9.74176684000232 -36.24935165178847,-9.74175604891506 -36.24935843972781,-9.74174525782754 -36.24936522766664,-9.74173446673976 -36.24937201560498,-9.74172367565172 -36.24938857625828,-9.74169734843883
          </coordinates>
        </LinearRing>
      </outerBoundaryIs>
    </Polygon>
  </Placemark>
  <Placemark>
    <name>AgroCAD: 9530</name>
    <styleUrl>FFFF4000</styleUrl>
    <Polygon>
      <outerBoundaryIs>
        <LinearRing>
          <coordinates>
           -36.24764161295889,-9.74276202776113 -36.24764225718265,-9.74276199104744 -36.24755046419342,-9.74273937997295 -36.24750666071813,-9.74271651844347 -36.24738097720491,-9.74274284622356 -36.24726686100725,-9.74280016087171 -36.24717687381445,-9.74283325080796 -36.24706940324873,-9.74286464510638 -36.24698752824610,-9.74287800679288 -36.24690448528064,-9.74286359791765 -36.24683050053207,-9.74280153892627 -36.24680916964570,-9.74276559842193 -36.24681564589883,-9.74273783261946 -36.24684220709174,-9.74272180260439 -36.24693943559426,-9.74268303999154 -36.24701421126875,-9.74265240705120 -36.24732081335468,-9.74253039808666 -36.24759663448068,-9.74242311134154 -36.24773819209862,-9.74236805908973 -36.24784054239869,-9.74232894942490 -36.24796369892788,-9.74228218860985 -36.24805638069477,-9.74224263811862 -36.24815639369340,-9.74219753496959 -36.24821958198520,-9.74216383067530 -36.24826382958987,-9.74213756820138 -36.24827839401728,-9.74213400189379 -36.24834128062651,-9.74210824912499 -36.24841408644117,-9.74208116272079 -36.24848840707820,-9.74205444505686 -36.24856393807307,-9.74202470781008 -36.24863761270217,-9.74199563549213 -36.24870184875155,-9.74197170038395 -36.24877763776916,-9.74194205308824 -36.24883887835423,-9.74191621743645 -36.24890930377265,-9.74188776750707 -36.24898245529764,-9.74185782385672 -36.24904174964949,-9.74183320398902 -36.24910299827791,-9.74180843052347 -36.24927037834811,-9.74174361499002 -36.24934585225141,-9.74171407202771 -36.24934204909162,-9.74172011807967 -36.24933526115260,-9.74173090916687 -36.24932847321306,-9.74174170025381 -36.24932168527304,-9.74175249134049 -36.24931496354796,-9.74176317716132 -36.24930805813463,-9.74177372013397 -36.24930108457352,-9.74178436715148 -36.24929419307630,-9.74179488887541 -36.24928708159988,-9.74180523954252 -36.24927988529379,-9.74181571367719 -36.24927280246586,-9.74182602264481 -36.24926542750705,-9.74183610449469 -36.24925793420813,-9.74184634811908 -36.24925058914153,-9.74185638910328 -36.24924288035256,-9.74186614757793 -36.24923501588616,-9.74187610312207 -36.24922731721587,-9.74188584878575 -36.24921923118183,-9.74189529450249 -36.24921097115657,-9.74190494346652 -36.24920283515490,-9.74191444755126 -36.24919441959208,-9.74192373706552 -36.24918587595759,-9.74193316795075 -36.24917739851522,-9.74194252576892 -36.24916877360599,-9.74195177312326 -36.24916008144277,-9.74196109258429 -36.24915139955620,-9.74197040102614 -36.24914269669756,-9.74197969058184 -36.24913398353675,-9.74198899113333 -36.24912527037544,-9.74199829168448 -36.24911655721362,-9.74200759223526 -36.24910784405132,-9.74201689278570 -36.24909913088853,-9.74202619333575 -36.24909041772524,-9.74203549388546 -36.24908170456146,-9.74204479443480 -36.24907306426997,-9.74205401719840 -36.24906429362969,-9.74206308973189 -36.24905544889635,-9.74207223890798 -36.24904669860133,-9.74208129039420 -36.24903777759423,-9.74209015696545 -36.24902876019979,-9.74209911933504 -36.24901987408499,-9.74210795122522 -36.24901075544016,-9.74211653406898 -36.24900150198549,-9.74212524380047 -36.24899239331713,-9.74213381725236 -36.24898303457106,-9.74214212437793 -36.24897352708624,-9.74215056352802 -36.24896414351375,-9.74215889268873 -36.24895455047937,-9.74216699946661 -36.24894483086982,-9.74217521320847 -36.24893521000636,-9.74218334350227 -36.24892542459349,-9.74219129974790 -36.24891553885402,-9.74219933756548 -36.24890574731143,-9.74220729879347 -36.24889579992666,-9.74221509678276 -36.24888575698258,-9.74222296968249 -36.24887571403807,-9.74223084258178 -36.24886567109309,-9.74223871548065 -36.24885562814770,-9.74224658837910 -36.24884562256282,-9.74225443198897 -36.24883555680716,-9.74226221029996 -36.24882545348518,-9.74227001763953 -36.24881535016276,-9.74227782497868 -36.24880524683992,-9.74228563231740 -36.24879514351663,-9.74229343965567 -36.24878504019290,-9.74230124699352 -36.24877493686874,-9.74230905433095 -36.24876483354414,-9.74231686166792 -36.24875473021910,-9.74232466900448 -36.24874462689363,-9.74233247634060 -36.24873452356771,-9.74234028367628 -36.24872446784665,-9.74234805422461 -36.24871435560797,-9.74235572701385 -36.24870419543785,-9.74236343617095 -36.24869409076408,-9.74237110321873 -36.24868391573510,-9.74237866125794 -36.24867368477763,-9.74238626084025 -36.24866352876435,-9.74239380475308 -36.24865327778731,-9.74240120385894 -36.24864295110306,-9.74240865760913 -36.24863271937996,-9.74241604281612 -36.24862236816531,-9.74242324756428 -36.24861192081494,-9.74243051922504 -36.24860158909324,-9.74243771040411 -36.24859111341959,-9.74244468562641 -36.24858052046363,-9.74245173894034 -36.24857005976443,-9.74245870419051 -36.24855943661228,-9.74246542657520 -36.24854867916869,-9.74247223393952 -36.24853804655078,-9.74247896231282 -36.24852726329773,-9.74248546418232 -36.24851635352179,-9.74249204233940 -36.24850555269633,-9.74249855480299 -36.24849462282568,-9.74250487099653 -36.24848358278677,-9.74251125085382 -36.24847263518367,-9.74251757729329 -36.24846158022406,-9.74252373779029 -36.24845043199599,-9.74252995026149 -36.24843935921962,-9.74253612068576 -36.24842820085945,-9.74254215559029 -36.24841696651601,-9.74254823158910 -36.24840579029960,-9.74255427614971 -36.24839455034666,-9.74256021571301 -36.24838325196154,-9.74256618615311 -36.24837200625962,-9.74257212875305 -36.24836070805145,-9.74257797393482 -36.24834935691618,-9.74258384649800 -36.24833800578061,-9.74258971906071 -36.24832665464473,-9.74259559162293 -36.24831530350850,-9.74260146418464 -36.24830400679112,-9.74260730859187 -36.24829266581612,-9.74261304790384 -36.24828127016882,-9.74261881488310 -36.24826987452122,-9.74262458186184 -36.24825847887330,-9.74263034884008 -36.24824708322505,-9.74263611581786 -36.24823577985362,-9.74264183609661 -36.24822440141643,-9.74264738026346 -36.24821292999854,-9.74265296973472 -36.24820145858034,-9.74265855920549 -36.24818998716184,-9.74266414867576 -36.24817851574305,-9.74266973814554 -36.24816714126914,-9.74267528037811 -36.24815568744502,-9.74268063995749 -36.24814413593460,-9.74268604524649 -36.24813266418086,-9.74269141321440 -36.24812112710450,-9.74269663219328 -36.24810950979187,-9.74270188746767 -36.24809798274628,-9.74270710190772 -36.24808638201854,-9.74271214908312 -36.24807469043484,-9.74271723578693 -36.24806308779575,-9.74272228379267 -36.24805141290386,-9.74272716807764 -36.24803964852116,-9.74273208980117 -36.24802796377928,-9.74273697820576 -36.24801621464553,-9.74274172074004 -36.24800438545191,-9.74274649558991 -36.24799262626736,-9.74275124218000 -36.24798081068461,-9.74275586102665 -36.24796892478130,-9.74276050736182 -36.24795712418756,-9.74276512034793 -36.24794525517633,-9.74276957842088 -36.24793330041155,-9.74277406870283 -36.24792134564651,-9.74277855898426 -36.24790939088129,-9.74278304926520 -36.24789743611581,-9.74278753954560 -36.24788556195306,-9.74279199955060 -36.24787362335860,-9.74279631369420 -36.24786160378232,-9.74280065710089 -36.24784958420587,-9.74280500050709 -36.24783756462920,-9.74280934391276 -36.24782554505230,-9.74281368731792 -36.24781356591868,-9.74281801610785 -36.24780155447185,-9.74282227171433 -36.24778950248928,-9.74282654168185 -36.24777745050649,-9.74283081164886 -36.24776539852353,-9.74283508161537 -36.24775334654033,-9.74283935158135 -36.24773921727967,-9.74284435751713 -36.24764225718265,-9.74276199104744 -36.24764161295889,-9.74276202776113
          </coordinates>
        </LinearRing>
      </outerBoundaryIs>
    </Polygon>
  </Placemark>
  <Placemark>
    <name>AgroCAD: 952F</name>
    <styleUrl>FFFF4000</styleUrl>
    <Polygon>
      <outerBoundaryIs>
        <LinearRing>
          <coordinates>
           -36.25006866831990,-9.74131070283330 -36.25002567963127,-9.74134206855557 -36.24991740646159,-9.74139096832078 -36.24977811409622,-9.74147094566433 -36.24946462093323,-9.74164118492921 -36.24939222910481,-9.74167266094121 -36.24933294356893,-9.74169426822668 -36.24912007665648,-9.74177656077827 -36.24896779176449,-9.74183658248674 -36.24882183215687,-9.74189301835206 -36.24863613935524,-9.74196906510397 -36.24851855222281,-9.74201323539137 -36.24835094967497,-9.74208081405064 -36.24832777595063,-9.74208140196332 -36.24836275780172,-9.74204638207540 -36.24845079468651,-9.74197518003461 -36.24858024485670,-9.74187097061094 -36.24878671924586,-9.74171161467798 -36.24897955588044,-9.74155111221494 -36.24938048894963,-9.74122240877115 -36.24955231952752,-9.74108390034000 -36.24967681200752,-9.74098272927354 -36.24983604659376,-9.74085128923648 -36.24991238057489,-9.74079525192669 -36.25000553647202,-9.74072457334396 -36.25009846161917,-9.74095063860954 -36.25007038466387,-9.74130945054156 -36.25006866831990,-9.74131070283330
          </coordinates>
        </LinearRing>
      </outerBoundaryIs>
    </Polygon>
  </Placemark>
  <Placemark>
    <name>AgroCAD: 9532</name>
    <styleUrl>FFFF4000</styleUrl>
    <Polygon>
      <outerBoundaryIs>
        <LinearRing>
          <coordinates>
           -36.24759829515885,-9.74346231236341 -36.24758121972933,-9.74339220067881 -36.24759237608967,-9.74335024202307 -36.24761295088239,-9.74331588910690 -36.24767667903681,-9.74326736678873 -36.24774952643286,-9.74322525579251 -36.24777351319556,-9.74321529086038 -36.24791040577088,-9.74314344635134 -36.24818746174798,-9.74301090547904 -36.24839080931076,-9.74291146333078 -36.24855148709793,-9.74283035485781 -36.24869309326160,-9.74275340814636 -36.24884189589538,-9.74267154179909 -36.24896278600286,-9.74260597729841 -36.24902685806961,-9.74257247606791 -36.24930985710012,-9.74241472438542 -36.24952240551799,-9.74229933593297 -36.24971842997993,-9.74219237314164 -36.24991682498849,-9.74209028664003 -36.25012542343601,-9.74198420987583 -36.25031812838330,-9.74188640825520 -36.25043944896983,-9.74182754159986 -36.25045678262287,-9.74182234826771 -36.25183031538862,-9.74516379710529 -36.25180809735667,-9.74518624010189 -36.25173607037639,-9.74522029797072 -36.25162231054443,-9.74527673831511 -36.25147640265547,-9.74533729546839 -36.25133668007349,-9.74539730257794 -36.25122059794040,-9.74544836199246 -36.25015030073448,-9.74587809221558 -36.25001080398604,-9.74592967725669 -36.24991109046112,-9.74597145843091 -36.24981640469326,-9.74601088774340 -36.24976910205581,-9.74603042222689 -36.24959861279773,-9.74609892835092 -36.24945229990832,-9.74615654175140 -36.24929592641072,-9.74621911532108 -36.24915276680749,-9.74627713457166 -36.24903396685838,-9.74632600156464 -36.24891550028465,-9.74637400743912 -36.24885722141361,-9.74640408122934 -36.24883382860665,-9.74640594652742 -36.24881206176599,-9.74637531639400 -36.24875494700221,-9.74624679025992 -36.24867778019164,-9.74606299919204 -36.24858590681740,-9.74583701529770 -36.24848140833473,-9.74558988210279 -36.24838938071643,-9.74536430302996 -36.24832440084272,-9.74521355098292 -36.24826209215895,-9.74506079713709 -36.24819606768804,-9.74490632397125 -36.24806266931185,-9.74458739448320 -36.24792842157951,-9.74426184314348 -36.24783739320555,-9.74404614758180 -36.24768797147407,-9.74368185981000 -36.24759829515885,-9.74346231236341
          </coordinates>
        </LinearRing>
      </outerBoundaryIs>
    </Polygon>
  </Placemark>
  <Placemark>
    <name>AgroCAD: 92FA</name>
    <styleUrl>FFFF4000</styleUrl>
    <Polygon>
      <outerBoundaryIs>
        <LinearRing>
          <coordinates>
           -36.25066989291448,-9.75063149876657 -36.25063899822892,-9.75065511567348 -36.25062872890938,-9.75066280688973 -36.25061862844217,-9.75067019364792 -36.25061174573055,-9.75067587584895 -36.25060752588765,-9.75066670135474 -36.25059486196749,-9.75063535726472 -36.25058445253578,-9.75060923520942 -36.25057963971194,-9.75059556388880 -36.25057464069062,-9.75058292210346 -36.25055311765343,-9.75053021041050 -36.24992256666582,-9.74901627288839 -36.24929159336637,-9.74752014890982 -36.24909611440693,-9.74705948327929 -36.24887165805075,-9.74650593473557 -36.24886835639705,-9.74649713465355 -36.24886420940664,-9.74648687274500 -36.24885315639459,-9.74646028524903 -36.24884734679055,-9.74644245271863 -36.24885704661337,-9.74643827410021 -36.24888025968112,-9.74642861584947 -36.24890371742286,-9.74641941609783 -36.24892771729539,-9.74641014730353 -36.24896405217513,-9.74639569152962 -36.25022868816662,-9.74588449080378 -36.25173141139419,-9.74527625639147 -36.25176106363531,-9.74526480859860 -36.25176951851571,-9.74526231802553 -36.25180138697017,-9.74525083631277 -36.25183353812988,-9.74524167783663 -36.25186018980631,-9.74522573302737 -36.25186104951302,-9.74522893374348 -36.25186473809440,-9.74523850519018 -36.25186901707806,-9.74525010891858 -36.25187693307794,-9.74527074076973 -36.25325542858363,-9.74861202554057 -36.25326327425954,-9.74862973887217 -36.25326990006474,-9.74864618506493 -36.25327071663588,-9.74864877158618 -36.25326463994984,-9.74865205162714 -36.25324617085238,-9.74866558615390 -36.25323547945250,-9.74867299050346 -36.25321531857667,-9.74868755431596 -36.25318349249758,-9.74871047062565 -36.25225764176510,-9.74942217326021 -36.25066989291448,-9.75063149876657 -36.25066989291448,-9.75063149876657
          </coordinates>
        </LinearRing>
      </outerBoundaryIs>
    </Polygon>
  </Placemark>
</Document>
</kml>
