<?xml version="1.0" encoding="UTF-8"?>
<kml xmlns="http://www.opengis.net/kml/2.2" xmlns:gx="http://www.google.com/kml/ext/2.2" xmlns:kml="http://www.opengis.net/kml/2.2" xmlns:atom="http://www.w3.org/2005/Atom">
<Document>
  <name>1010.kml</name>
  <StyleMap id="FFFF4000">
    <Pair>
      <key>normal</key>
      <styleUrl>#s_FFFF4000</styleUrl>
    </Pair>
    <Pair>
      <key>highlight</key>
      <styleUrl>#s_FFFF4000_hl</styleUrl>
    </Pair>
  </StyleMap>
  <Style id="s_FFFF4000">
   <IconStyle>
      <scale>1.1</scale>
      <Icon>
        <href>http://maps.google.com/mapfiles/kml/pushpin/agrocad.png</href>
      </Icon>
      <hotSpot x="20" y="2" xunits="pixels" yunits="pixels"/>
    </IconStyle>
    <LineStyle>
      <color>FFFF4000</color>
      <width>1</width>
    </LineStyle>
    <PolyStyle>
      <color>40ffffff</color>
      <fill>1</fill>
    </PolyStyle>
  </Style>
  <Style id="s_FFFF4000_hl">
    <IconStyle>
      <scale>1.3</scale>
      <Icon>
        <href>http://maps.google.com/mapfiles/kml/pushpin/agrocad.png</href>
      </Icon>
      <hotSpot x="20" y="2" xunits="pixels" yunits="pixels"/>
    </IconStyle>
    <LineStyle>
      <color>ff000000</color>
      <width>1</width>
    </LineStyle>
    <PolyStyle>
      <color>40ffffff</color>
      <fill>1</fill>
    </PolyStyle>
  </Style>
  <Placemark>
    <name>AgroCAD: 9165</name>
    <styleUrl>FFFF4000</styleUrl>
    <Polygon>
      <outerBoundaryIs>
        <LinearRing>
          <coordinates>
           -36.20544316777184,-9.80852222211028 -36.20538746709993,-9.80848939356469 -36.20538009063758,-9.80848173025382 -36.20532998682138,-9.80839686362000 -36.20530159358322,-9.80834049272562 -36.20522475727889,-9.80816113980738 -36.20512052329213,-9.80791875908584 -36.20500293841419,-9.80762213521231 -36.20489906084349,-9.80732898352480 -36.20488564503161,-9.80729176916592 -36.20487709391664,-9.80725882777959 -36.20487135730823,-9.80722788144989 -36.20487667338418,-9.80719574175346 -36.20489051784395,-9.80716552299633 -36.20491357505269,-9.80712631933871 -36.20493254046512,-9.80709931032447 -36.20494576742666,-9.80708336228789 -36.20497695968575,-9.80706217438959 -36.20500482818803,-9.80705265847151 -36.20503045879110,-9.80704405839513 -36.20507398712682,-9.80703276802487 -36.20519041063353,-9.80699771406307 -36.20543077119136,-9.80691173220590 -36.20578543873072,-9.80678012649370 -36.20631066054923,-9.80658752736255 -36.20657672616224,-9.80648513624922 -36.20694395909656,-9.80634808975096 -36.20695131743917,-9.80636000388163 -36.20699591548456,-9.80645659242786 -36.20705144952261,-9.80656045731067 -36.20708841563399,-9.80665853120312 -36.20706729502481,-9.80667598458088 -36.20704036416981,-9.80669479786936 -36.20701257573053,-9.80671426806282 -36.20698500089054,-9.80673396881077 -36.20695731684111,-9.80675419876785 -36.20692950624257,-9.80677635202439 -36.20690261952431,-9.80679893589344 -36.20687585775899,-9.80682150408701 -36.20684814816296,-9.80684171097859 -36.20682164233342,-9.80686564220028 -36.20679579063432,-9.80688868707082 -36.20676926019096,-9.80691355944892 -36.20674031887610,-9.80693720632584 -36.20671064369624,-9.80696477225688 -36.20668523063712,-9.80699063900961 -36.20665899556254,-9.80701669886061 -36.20663366476095,-9.80704239463943 -36.20660772710812,-9.80706972883987 -36.20658097251344,-9.80709569506680 -36.20657160887202,-9.80710438161354 -36.20651932199196,-9.80715299544188 -36.20649745529772,-9.80717634185424 -36.20647504942802,-9.80720048462256 -36.20645003057386,-9.80722497857867 -36.20642565532739,-9.80724744866290 -36.20640236187661,-9.80726933087809 -36.20637881019366,-9.80729666109045 -36.20636943856899,-9.80730601429771 -36.20612159205745,-9.80759367106006 -36.20591247707704,-9.80783713901071 -36.20574311769035,-9.80806767040791 -36.20563674352238,-9.80822835350233 -36.20554576821850,-9.80836630450738 -36.20544316777184,-9.80852222211028
          </coordinates>
        </LinearRing>
      </outerBoundaryIs>
    </Polygon>
  </Placemark>
  <StyleMap id="FF0040FF">
    <Pair>
      <key>normal</key>
      <styleUrl>#s_FF0040FF</styleUrl>
    </Pair>
    <Pair>
      <key>highlight</key>
      <styleUrl>#s_FF0040FF_hl</styleUrl>
    </Pair>
  </StyleMap>
  <Style id="s_FF0040FF">
   <IconStyle>
      <scale>1.1</scale>
      <Icon>
        <href>http://maps.google.com/mapfiles/kml/pushpin/agrocad.png</href>
      </Icon>
      <hotSpot x="20" y="2" xunits="pixels" yunits="pixels"/>
    </IconStyle>
    <LineStyle>
      <color>FF0040FF</color>
      <width>1</width>
    </LineStyle>
    <PolyStyle>
      <color>40ffffff</color>
      <fill>1</fill>
    </PolyStyle>
  </Style>
  <Style id="s_FF0040FF_hl">
    <IconStyle>
      <scale>1.3</scale>
      <Icon>
        <href>http://maps.google.com/mapfiles/kml/pushpin/agrocad.png</href>
      </Icon>
      <hotSpot x="20" y="2" xunits="pixels" yunits="pixels"/>
    </IconStyle>
    <LineStyle>
      <color>ff000000</color>
      <width>1</width>
    </LineStyle>
    <PolyStyle>
      <color>40ffffff</color>
      <fill>1</fill>
    </PolyStyle>
  </Style>
  <Placemark>
    <name>AgroCAD: 81A4</name>
    <styleUrl>FF0040FF</styleUrl>
    <Polygon>
      <outerBoundaryIs>
        <LinearRing>
          <coordinates>
           -36.20588443251259,-9.80596221232691 -36.20588469493688,-9.80596225593773 -36.20588495731847,-9.80596229954298 -36.20588521965718,-9.80596234314390 -36.20588548195280,-9.80596238674168 -36.20588574420511,-9.80596243033752 -36.20588600641392,-9.80596247393265 -36.20588626857902,-9.80596251752827 -36.20588653070020,-9.80596256112557 -36.20588679277725,-9.80596260472576 -36.20588705480999,-9.80596264833006 -36.20588731679819,-9.80596269193965 -36.20588757874165,-9.80596273555578 -36.20588784064017,-9.80596277917960 -36.20588810249355,-9.80596282281235 -36.20588836430157,-9.80596286645524 -36.20588862606404,-9.80596291010946 -36.20588888778073,-9.80596295377620 -36.20588914945146,-9.80596299745669 -36.20588941107601,-9.80596304115214 -36.20588967265418,-9.80596308486376 -36.20588993418578,-9.80596312859272 -36.20589019567058,-9.80596317234025 -36.20589045710839,-9.80596321610757 -36.20589071849899,-9.80596325989585 -36.20589097984218,-9.80596330370632 -36.20589124113777,-9.80596334754019 -36.20589150238554,-9.80596339139865 -36.20589176358529,-9.80596343528291 -36.20589202473681,-9.80596347919418 -36.20589228583990,-9.80596352313366 -36.20589254689436,-9.80596356710257 -36.20589280789996,-9.80596361110210 -36.20589306885653,-9.80596365513345 -36.20589332976383,-9.80596369919785 -36.20589359062168,-9.80596374329650 -36.20589385142987,-9.80596378743057 -36.20589411218819,-9.80596383160130 -36.20589437289642,-9.80596387580989 -36.20589463355438,-9.80596392005756 -36.20589489416186,-9.80596396434549 -36.20589515471865,-9.80596400867490 -36.20589541522455,-9.80596405304699 -36.20589567567933,-9.80596409746296 -36.20589593608281,-9.80596414192403 -36.20589619643479,-9.80596418643140 -36.20589645673504,-9.80596423098625 -36.20589671698337,-9.80596427558984 -36.20589697717958,-9.80596432024333 -36.20589723732345,-9.80596436494795 -36.20589749741478,-9.80596440970489 -36.20589775745338,-9.80596445451538 -36.20589801743902,-9.80596449938058 -36.20589827737151,-9.80596454430175 -36.20589853725064,-9.80596458928006 -36.20589879707620,-9.80596463431672 -36.20589905684801,-9.80596467941296 -36.20589931656581,-9.80596472456994 -36.20589957622946,-9.80596476978891 -36.20589983583873,-9.80596481507105 -36.20590009539339,-9.80596486041758 -36.20590035489327,-9.80596490582968 -36.20590061433813,-9.80596495130860 -36.20590087372779,-9.80596499685552 -36.20590113306203,-9.80596504247163 -36.20590139234067,-9.80596508815816 -36.20590165156349,-9.80596513391631 -36.20590191073027,-9.80596517974728 -36.20590216984083,-9.80596522565227 -36.20590242889493,-9.80596527163253 -36.20590268789239,-9.80596531768919 -36.20590294683301,-9.80596536382353 -36.20590320571658,-9.80596541003670 -36.20590346454289,-9.80596545632992 -36.20590372331173,-9.80596550270442 -36.20590398202291,-9.80596554916140 -36.20590424067619,-9.80596559570203 -36.20590449927141,-9.80596564232754 -36.20590475780825,-9.80596568903920 -36.20590501628468,-9.80596573583888 -36.20590527469995,-9.80596578272799 -36.20590553305389,-9.80596582970768 -36.20590579134637,-9.80596587677907 -36.20590604957725,-9.80596592394332 -36.20590630774641,-9.80596597120156 -36.20590656585368,-9.80596601855491 -36.20590682389894,-9.80596606600454 -36.20590708188203,-9.80596611355159 -36.20590733980284,-9.80596616119715 -36.20590759766120,-9.80596620894240 -36.20590785545698,-9.80596625678848 -36.20590811319005,-9.80596630473651 -36.20590837086026,-9.80596635278765 -36.20590862846748,-9.80596640094302 -36.20590888601156,-9.80596644920376 -36.20590914349236,-9.80596649757101 -36.20590940090976,-9.80596654604591 -36.20590965826358,-9.80596659462962 -36.20590991555373,-9.80596664332323 -36.20591017278003,-9.80596669212794 -36.20591042994237,-9.80596674104482 -36.20591068704059,-9.80596679007506 -36.20591094407453,-9.80596683921979 -36.20591120104410,-9.80596688848013 -36.20591145794915,-9.80596693785724 -36.20591171478950,-9.80596698735223 -36.20591197156505,-9.80596703696629 -36.20591222827564,-9.80596708670049 -36.20591248492115,-9.80596713655603 -36.20591274150142,-9.80596718653401 -36.20591299801631,-9.80596723663558 -36.20591325446570,-9.80596728686189 -36.20591351084943,-9.80596733721407 -36.20591376716738,-9.80596738769324 -36.20591402341939,-9.80596743830058 -36.20591427960533,-9.80596748903719 -36.20591453572507,-9.80596753990422 -36.20591479177844,-9.80596759090283 -36.20591504776533,-9.80596764203411 -36.20591530368559,-9.80596769329924 -36.20591555953907,-9.80596774469936 -36.20591581532565,-9.80596779623560 -36.20591607104519,-9.80596784790907 -36.20591632669752,-9.80596789972095 -36.20591658228254,-9.80596795167236 -36.20591683780008,-9.80596800376443 -36.20591709325002,-9.80596805599833 -36.20591734863221,-9.80596810837515 -36.20591760394651,-9.80596816089607 -36.20591785919278,-9.80596821356221 -36.20591811437088,-9.80596826637472 -36.20591836948068,-9.80596831933474 -36.20591862452203,-9.80596837244338 -36.20591887949480,-9.80596842570180 -36.20591913439883,-9.80596847911116 -36.20591938923399,-9.80596853267256 -36.20591964400015,-9.80596858638715 -36.20591989869718,-9.80596864025607 -36.20592015332491,-9.80596869428047 -36.20592040788321,-9.80596874846149 -36.20592066237195,-9.80596880280025 -36.20592091679099,-9.80596885729790 -36.20592117114018,-9.80596891195558 -36.20592142541939,-9.80596896677442 -36.20592167962847,-9.80596902175555 -36.20592193376730,-9.80596907690014 -36.20592218783571,-9.80596913220930 -36.20592244183358,-9.80596918768418 -36.20592269576075,-9.80596924332593 -36.20592294961713,-9.80596929913567 -36.20592320340254,-9.80596935511454 -36.20592345711684,-9.80596941126369 -36.20592371075988,-9.80596946758423 -36.20592396433155,-9.80596952407734 -36.20592421783172,-9.80596958074414 -36.20592447126020,-9.80596963758577 -36.20592472461690,-9.80596969460336 -36.20592497790165,-9.80596975179805 -36.20592523111431,-9.80596980917099 -36.20592548425476,-9.80596986672330 -36.20592573732285,-9.80596992445616 -36.20592599031843,-9.80596998237065 -36.20592624324138,-9.80597004046794 -36.20592649609154,-9.80597009874919 -36.20592674886879,-9.80597015721549 -36.20592700157298,-9.80597021586802 -36.20592725420396,-9.80597027470789 -36.20592750676161,-9.80597033373626 -36.20592775924579,-9.80597039295426 -36.20592801165635,-9.80597045236301 -36.20592826399313,-9.80597051196369 -36.20592851625602,-9.80597057175739 -36.20592876844489,-9.80597063174529 -36.20592902055957,-9.80597069192851 -36.20592927259993,-9.80597075230820 -36.20592952456583,-9.80597081288547 -36.20592977645714,-9.80597087366148 -36.20593002827372,-9.80597093463738 -36.20593028001541,-9.80597099581429 -36.20593053168208,-9.80597105719335 -36.20593078327361,-9.80597111877571 -36.20593103478984,-9.80597118056249 -36.20593128623063,-9.80597124255484 -36.20593153759586,-9.80597130475391 -36.20593178888535,-9.80597136716081 -36.20593204009901,-9.80597142977671 -36.20593229123666,-9.80597149260272 -36.20593254229818,-9.80597155564000 -36.20593279328342,-9.80597161888970 -36.20593304419225,-9.80597168235291 -36.20593329502454,-9.80597174603080 -36.20593354578011,-9.80597180992453 -36.20593379645887,-9.80597187403519 -36.20593404706064,-9.80597193836395 -36.20593429758532,-9.80597200291195 -36.20593454803272,-9.80597206768032 -36.20593479840275,-9.80597213267019 -36.20593504869523,-9.80597219788272 -36.20593529891004,-9.80597226331902 -36.20593554904705,-9.80597232898026 -36.20593579910611,-9.80597239486757 -36.20593604908707,-9.80597246098207 -36.20593629898980,-9.80597252732491 -36.20593654881417,-9.80597259389723 -36.20593679856002,-9.80597266070017 -36.20593704822723,-9.80597272773488 -36.20593729781563,-9.80597279500246 -36.20593754732511,-9.80597286250409 -36.20593779675553,-9.80597293024088 -36.20593804610673,-9.80597299821399 -36.20593829537859,-9.80597306642456 -36.20593854457095,-9.80597313487371 -36.20593879368369,-9.80597320356258 -36.20593904271665,-9.80597327249232 -36.20593929166972,-9.80597334166407 -36.20593954054273,-9.80597341107895 -36.20593978933555,-9.80597348073811 -36.20594003804806,-9.80597355064272 -36.20594028668010,-9.80597362079385 -36.20594053523151,-9.80597369119269 -36.20594078370219,-9.80597376184037 -36.20594103209197,-9.80597383273803 -36.20594128040075,-9.80597390388679 -36.20594152862834,-9.80597397528782 -36.20594177677464,-9.80597404694221 -36.20594202483948,-9.80597411885114 -36.20594227282275,-9.80597419101574 -36.20594252072429,-9.80597426343715 -36.20594276854396,-9.80597433611650 -36.20594301628162,-9.80597440905495 -36.20594326393715,-9.80597448225360 -36.20594351151039,-9.80597455571360 -36.20594375900121,-9.80597462943612 -36.20594400640947,-9.80597470342227 -36.20594425373502,-9.80597477767320 -36.20594450097772,-9.80597485219004 -36.20594474813744,-9.80597492697393 -36.20594499521405,-9.80597500202601 -36.20594524220738,-9.80597507734743 -36.20594548911731,-9.80597515293931 -36.20594573594371,-9.80597522880279 -36.20594598268642,-9.80597530493903 -36.20594622934531,-9.80597538134915 -36.20594647592024,-9.80597545803428 -36.20594672241108,-9.80597553499558 -36.20594696881767,-9.80597561223420 -36.20594721513987,-9.80597568975124 -36.20594746137756,-9.80597576754785 -36.20594770753058,-9.80597584562518 -36.20594795359882,-9.80597592398438 -36.20594819958210,-9.80597600262656 -36.20594844548030,-9.80597608155286 -36.20594869129329,-9.80597616076446 -36.20594893702092,-9.80597624026244 -36.20594918266306,-9.80597632004798 -36.20594942821955,-9.80597640012221 -36.20594967369026,-9.80597648048626 -36.20594991907506,-9.80597656114127 -36.20595016437380,-9.80597664208838 -36.20595040958634,-9.80597672332875 -36.20595065471254,-9.80597680486348 -36.20595089975227,-9.80597688669372 -36.20595114470537,-9.80597696882061 -36.20595138957174,-9.80597705124533 -36.20595163435119,-9.80597713396895 -36.20595187904360,-9.80597721699267 -36.20595212364886,-9.80597730031758 -36.20595236816678,-9.80597738394484 -36.20595261259726,-9.80597746787559 -36.20595285694013,-9.80597755211097 -36.20595310119527,-9.80597763665210 -36.20595334536254,-9.80597772150014 -36.20595358944180,-9.80597780665623 -36.20595383343289,-9.80597789212150 -36.20595407733571,-9.80597797789707 -36.20595432115008,-9.80597806398413 -36.20595456487587,-9.80597815038376 -36.20595480851296,-9.80597823709715 -36.20595505206118,-9.80597832412538 -36.20595529552042,-9.80597841146965 -36.20595553889052,-9.80597849913105 -36.20595578217137,-9.80597858711075 -36.20595602536278,-9.80597867540986 -36.20595626846466,-9.80597876402955 -36.20595651147684,-9.80597885297095 -36.20595675439918,-9.80597894223519 -36.20595699723155,-9.80597903182341 -36.20595723997381,-9.80597912173676 -36.20595748262583,-9.80597921197636 -36.20595772518746,-9.80597930254335 -36.20595796765854,-9.80597939343888 -36.20595821003897,-9.80597948466408 -36.20595845232858,-9.80597957622011 -36.20595869452723,-9.80597966810808 -36.20595893663481,-9.80597976032916 -36.20595917865116,-9.80597985288444 -36.20595942057614,-9.80597994577510 -36.20595966240959,-9.80598003900227 -36.20595990415141,-9.80598013256707 -36.20596014580144,-9.80598022647067 -36.20596038735955,-9.80598032071417 -36.20596062882739,-9.80598041529805 -36.20596087020607,-9.80598051022307 -36.20596111149557,-9.80598060549040 -36.20596135269591,-9.80598070110125 -36.20596159380712,-9.80598079705683 -36.20596183482919,-9.80598089335832 -36.20596207576213,-9.80598099000690 -36.20596231660594,-9.80598108700378 -36.20596255736064,-9.80598118435015 -36.20596279802625,-9.80598128204722 -36.20596303860276,-9.80598138009619 -36.20596327909018,-9.80598147849824 -36.20596351948853,-9.80598157725455 -36.20596375979781,-9.80598167636634 -36.20596400001804,-9.80598177583481 -36.20596424014920,-9.80598187566114 -36.20596448019134,-9.80598197584653 -36.20596472014442,-9.80598207639218 -36.20596496000849,-9.80598217729927 -36.20596519978354,-9.80598227856903 -36.20596543946958,-9.80598238020262 -36.20596567906662,-9.80598248220125 -36.20596591857468,-9.80598258456611 -36.20596615799374,-9.80598268729840 -36.20596639732385,-9.80598279039934 -36.20596663656497,-9.80598289387007 -36.20596687571715,-9.80598299771184 -36.20596711478037,-9.80598310192581 -36.20596735375468,-9.80598320651319 -36.20596759264002,-9.80598331147518 -36.20596783143645,-9.80598341681297 -36.20596807014397,-9.80598352252775 -36.20596830876259,-9.80598362862073 -36.20596854729231,-9.80598373509309 -36.20596878573314,-9.80598384194605 -36.20596902408510,-9.80598394918076 -36.20596926234818,-9.80598405679844 -36.20596950052239,-9.80598416480032 -36.20596973860777,-9.80598427318754 -36.20596997660428,-9.80598438196134 -36.20597021451197,-9.80598449112287 -36.20597045233083,-9.80598460067338 -36.20597069006086,-9.80598471061402 -36.20597092770209,-9.80598482094602 -36.20597116525451,-9.80598493167053 -36.20597140271814,-9.80598504278879 -36.20597164009300,-9.80598515430199 -36.20597187737907,-9.80598526621130 -36.20597211457638,-9.80598537851794 -36.20597235168493,-9.80598549122310 -36.20597258870472,-9.80598560432797 -36.20597282563578,-9.80598571783375 -36.20597306247810,-9.80598583174161 -36.20597329923170,-9.80598594605280 -36.20597353589658,-9.80598606076847 -36.20597377247275,-9.80598617588984 -36.20597400896022,-9.80598629141808 -36.20597424535900,-9.80598640735443 -36.20597448166912,-9.80598652370002 -36.20597471789054,-9.80598664045611 -36.20597495402331,-9.80598675762386 -36.20597519006742,-9.80598687520447 -36.20597542602288,-9.80598699319915 -36.20597566188970,-9.80598711160909 -36.20597589766790,-9.80598723043548 -36.20597613335746,-9.80598734967950 -36.20597636895843,-9.80598746934238 -36.20597660447080,-9.80598758942528 -36.20597683989455,-9.80598770992943 -36.20597707522973,-9.80598783085601 -36.20597731047631,-9.80598795220620 -36.20597754563435,-9.80598807398123 -36.20597778070381,-9.80598819618227 -36.20597801568472,-9.80598831881050 -36.20597825057709,-9.80598844186716 -36.20597848538093,-9.80598856535342 -36.20597872009624,-9.80598868927049 -36.20597895472303,-9.80598881361953 -36.20597918926129,-9.80598893840177 -36.20597942371107,-9.80598906361841 -36.20597965807236,-9.80598918927062 -36.20597989234517,-9.80598931535960 -36.20598012652948,-9.80598944188657 -36.20598036062534,-9.80598956885269 -36.20598059463274,-9.80598969625918 -36.20598082855170,-9.80598982410723 -36.20598106238221,-9.80598995239804 -36.20598129612428,-9.80599008113280 -36.20598152977794,-9.80599021031270 -36.20598176334318,-9.80599033993895 -36.20598199682002,-9.80599047001273 -36.20598223020845,-9.80599060053525 -36.20598246350850,-9.80599073150771 -36.20598269672017,-9.80599086293127 -36.20598292984345,-9.80599099480716 -36.20598316287840,-9.80599112713656 -36.20598339582504,-9.80599125992079 -36.20598362868380,-9.80599139316155 -36.20598386145484,-9.80599152686021 -36.20598409413814,-9.80599166101809 -36.20598432673375,-9.80599179563647 -36.20598455924170,-9.80599193071665 -36.20598479166203,-9.80599206625991 -36.20598502399476,-9.80599220226756 -36.20598525623995,-9.80599233874087 -36.20598548839761,-9.80599247568116 -36.20598572046778,-9.80599261308969 -36.20598595245051,-9.80599275096779 -36.20598618434581,-9.80599288931673 -36.20598641615372,-9.80599302813780 -36.20598664787429,-9.80599316743229 -36.20598687950754,-9.80599330720152 -36.20598711105353,-9.80599344744676 -36.20598734251225,-9.80599358816929 -36.20598757388377,-9.80599372937044 -36.20598780516810,-9.80599387105147 -36.20598803636529,-9.80599401321370 -36.20598826747537,-9.80599415585839 -36.20598849849837,-9.80599429898687 -36.20598872943433,-9.80599444260040 -36.20598896028330,-9.80599458670028 -36.20598919104529,-9.80599473128782 -36.20598942172033,-9.80599487636430 -36.20598965230847,-9.80599502193101 -36.20598988280974,-9.80599516798924 -36.20599011322418,-9.80599531454030 -36.20599034355181,-9.80599546158548 -36.20599057379266,-9.80599560912604 -36.20599080394679,-9.80599575716332 -36.20599103401423,-9.80599590569857 -36.20599126399500,-9.80599605473310 -36.20599149388912,-9.80599620426824 -36.20599172369667,-9.80599635430522 -36.20599195341764,-9.80599650484535 -36.20599218305209,-9.80599665588995 -36.20599241260005,-9.80599680744030 -36.20599264206154,-9.80599695949768 -36.20599287143662,-9.80599711206340 -36.20599310072529,-9.80599726513873 -36.20599332992762,-9.80599741872497 -36.20599355904362,-9.80599757282344 -36.20599378807332,-9.80599772743541 -36.20599401701679,-9.80599788256216 -36.20599424587402,-9.80599803820501 -36.20599447464643,-9.80599819436584 -36.20599470337479,-9.80599835106453 -36.20599493207146,-9.80599850830763 -36.20599516072721,-9.80599866609174 -36.20599538933289,-9.80599882441354 -36.20599561787928,-9.80599898326963 -36.20599584635721,-9.80599914265668 -36.20599607475747,-9.80599930257132 -36.20599630307089,-9.80599946301020 -36.20599653128824,-9.80599962396993 -36.20599675940038,-9.80599978544716 -36.20599698739805,-9.80599994743856 -36.20599721527213,-9.80600010994071 -36.20599744301338,-9.80600027295031 -36.20599767061262,-9.80600043646396 -36.20599789806067,-9.80600060047830 -36.20599812534832,-9.80600076499000 -36.20599835246639,-9.80600092999566 -36.20599857940567,-9.80600109549195 -36.20599880615700,-9.80600126147549 -36.20599903271116,-9.80600142794291 -36.20599925905896,-9.80600159489087 -36.20599948519123,-9.80600176231602 -36.20599971109876,-9.80600193021495 -36.20599993677236,-9.80600209858436 -36.20600016220283,-9.80600226742084 -36.20600038738099,-9.80600243672106 -36.20600061229766,-9.80600260648164 -36.20600083694361,-9.80600277669922 -36.20600106130968,-9.80600294737044 -36.20600128538666,-9.80600311849197 -36.20600150916538,-9.80600329006039 -36.20600173263663,-9.80600346207239 -36.20600195579122,-9.80600363452458 -36.20600217861995,-9.80600380741361 -36.20600240111365,-9.80600398073613 -36.20600262326311,-9.80600415448876 -36.20600284505913,-9.80600432866813 -36.20600306649256,-9.80600450327091 -36.20600328755416,-9.80600467829372 -36.20600350823476,-9.80600485373320 -36.20600372852516,-9.80600502958599 -36.20600394841618,-9.80600520584874 -36.20600416789862,-9.80600538251808 -36.20600438696328,-9.80600555959063 -36.20600460560098,-9.80600573706306 -36.20600482380253,-9.80600591493199 -36.20600504155872,-9.80600609319406 -36.20600525886038,-9.80600627184592 -36.20600547569264,-9.80600645088833 -36.20600569203801,-9.80600663032333 -36.20600590788709,-9.80600681014663 -36.20600612323062,-9.80600699035384 -36.20600633805926,-9.80600717094060 -36.20600655236376,-9.80600735190252 -36.20600676613478,-9.80600753323527 -36.20600697936305,-9.80600771493446 -36.20600719203927,-9.80600789699569 -36.20600740415411,-9.80600807941464 -36.20600761569831,-9.80600826218693 -36.20600782666257,-9.80600844530819 -36.20600803703756,-9.80600862877402 -36.20600824681401,-9.80600881258010 -36.20600845598262,-9.80600899672202 -36.20600866453408,-9.80600918119542 -36.20600887245910,-9.80600936599595 -36.20600907974838,-9.80600955111924 -36.20600928639264,-9.80600973656090 -36.20600949238254,-9.80600992231657 -36.20600969770882,-9.80601010838188 -36.20600990236217,-9.80601029475247 -36.20601010633328,-9.80601048142397 -36.20601030961288,-9.80601066839201 -36.20601051219165,-9.80601085565220 -36.20601071406029,-9.80601104320019 -36.20601091520951,-9.80601123103162 -36.20601111563002,-9.80601141914211 -36.20601131531252,-9.80601160752727 -36.20601151424769,-9.80601179618279 -36.20601171242626,-9.80601198510423 -36.20601190983891,-9.80601217428727 -36.20601210647637,-9.80601236372752 -36.20601230232931,-9.80601255342061 -36.20601249738844,-9.80601274336219 -36.20601269164448,-9.80601293354787 -36.20601288508812,-9.80601312397330 -36.20601307771006,-9.80601331463408 -36.20601326950101,-9.80601350552589 -36.20601346045166,-9.80601369664432 -36.20601365055273,-9.80601388798501 -36.20601383979491,-9.80601407954360 -36.20601402816889,-9.80601427131572 -36.20601421566539,-9.80601446329698 -36.20601440227512,-9.80601465548303 -36.20601458798875,-9.80601484786951 -36.20601477279701,-9.80601504045204 -36.20601495669060,-9.80601523322625 -36.20601513966021,-9.80601542618776 -36.20601532169655,-9.80601561933223 -36.20601550279032,-9.80601581265526 -36.20601568293223,-9.80601600615251 -36.20601586211295,-9.80601619981958 -36.20601604032323,-9.80601639365213 -36.20601621755374,-9.80601658764577 -36.20601639379520,-9.80601678179615 -36.20601656903829,-9.80601697609888 -36.20601674327372,-9.80601717054960 -36.20601691649222,-9.80601736514395 -36.20601708868445,-9.80601755987756 -36.20601725984114,-9.80601775474604 -36.20601742995298,-9.80601794974504 -36.20601759901068,-9.80601814487019 -36.20601776700493,-9.80601834011712 -36.20601793392645,-9.80601853548145 -36.20601809976591,-9.80601873095883 -36.20601826451405,-9.80601892654487 -36.20601842816155,-9.80601912223522 -36.20601859069833,-9.80601931802516 -36.20601875209534,-9.80601951390111 -36.20601891233769,-9.80601970985338 -36.20601907141996,-9.80601990587600 -36.20601922933668,-9.80602010196302 -36.20601938608245,-9.80602029810845 -36.20601954165183,-9.80602049430636 -36.20601969603939,-9.80602069055074 -36.20601984923968,-9.80602088683565 -36.20602000124728,-9.80602108315511 -36.20602015205675,-9.80602127950319 -36.20602030166267,-9.80602147587388 -36.20602045005960,-9.80602167226121 -36.20602059724209,-9.80602186865925 -36.20602074320473,-9.80602206506202 -36.20602088794210,-9.80602226146353 -36.20602103144872,-9.80602245785783 -36.20602117371918,-9.80602265423897 -36.20602131474806,-9.80602285060096 -36.20602145452993,-9.80602304693784 -36.20602159305934,-9.80602324324366 -36.20602173033085,-9.80602343951242 -36.20602186633905,-9.80602363573817 -36.20602200107847,-9.80602383191496 -36.20602213454373,-9.80602402803680 -36.20602226672936,-9.80602422409773 -36.20602239762994,-9.80602442009179 -36.20602252724002,-9.80602461601301 -36.20602265555419,-9.80602481185542 -36.20602278256701,-9.80602500761305 -36.20602290827304,-9.80602520327994 -36.20602303266686,-9.80602539885012 -36.20602315574302,-9.80602559431763 -36.20602327749609,-9.80602578967649 -36.20602339792066,-9.80602598492076 -36.20602351701125,-9.80602618004444 -36.20602363476248,-9.80602637504157 -36.20602375116888,-9.80602656990621 -36.20602386622504,-9.80602676463238 -36.20602397992553,-9.80602695921410 -36.20602409226488,-9.80602715364541 -36.20602420323768,-9.80602734792035 -36.20602431283851,-9.80602754203294 -36.20602442106193,-9.80602773597724 -36.20602452790248,-9.80602792974725 -36.20602463335476,-9.80602812333702 -36.20602473741333,-9.80602831674059 -36.20602484007276,-9.80602850995198 -36.20602494132760,-9.80602870296523 -36.20602504117242,-9.80602889577438 -36.20602513960181,-9.80602908837346 -36.20602523661031,-9.80602928075648 -36.20602533219250,-9.80602947291751 -36.20602542634294,-9.80602966485056 -36.20602551905621,-9.80602985654967 -36.20602561032685,-9.80603004800886 -36.20602570014948,-9.80603023922219 -36.20602578851861,-9.80603043018367 -36.20602587542883,-9.80603062088736 -36.20602596087471,-9.80603081132727 -36.20602604485082,-9.80603100149742 -36.20602612735171,-9.80603119139189 -36.20602620837197,-9.80603138100467 -36.20602628790615,-9.80603157032983 -36.20602636594882,-9.80603175936137 -36.20602644249454,-9.80603194809333 -36.20602651753790,-9.80603213651975 -36.20602659107345,-9.80603232463467 -36.20602666309575,-9.80603251243213 -36.20602673360623,-9.80603269990579 -36.20602680263478,-9.80603288705066 -36.20602687018623,-9.80603307386668 -36.20602693626129,-9.80603326035423 -36.20602700086067,-9.80603344651370 -36.20602706398511,-9.80603363234543 -36.20602712563532,-9.80603381784983 -36.20602718581201,-9.80603400302725 -36.20602724451592,-9.80603418787809 -36.20602730174777,-9.80603437240271 -36.20602735750826,-9.80603455660150 -36.20602741179812,-9.80603474047480 -36.20602746461809,-9.80603492402302 -36.20602751596886,-9.80603510724653 -36.20602756585117,-9.80603529014570 -36.20602761426575,-9.80603547272091 -36.20602766121328,-9.80603565497253 -36.20602770669452,-9.80603583690094 -36.20602775071018,-9.80603601850651 -36.20602779326097,-9.80603619978961 -36.20602783434761,-9.80603638075064 -36.20602787397084,-9.80603656138994 -36.20602791213136,-9.80603674170792 -36.20602794882990,-9.80603692170495 -36.20602798406718,-9.80603710138137 -36.20602801784392,-9.80603728073759 -36.20602805016085,-9.80603745977398 -36.20602808101868,-9.80603763849092 -36.20602811041813,-9.80603781688877 -36.20602813836138,-9.80603799495731 -36.20602816486535,-9.80603817258335 -36.20602818993289,-9.80603834976032 -36.20602821356178,-9.80603852651886 -36.20602823574976,-9.80603870288971 -36.20602825649458,-9.80603887890351 -36.20602827579402,-9.80603905459097 -36.20602829364582,-9.80603922998276 -36.20602831004777,-9.80603940510955 -36.20602832499761,-9.80603958000206 -36.20602833849310,-9.80603975469094 -36.20602835053200,-9.80603992920690 -36.20602836111208,-9.80604010358059 -36.20602837023107,-9.80604027784273 -36.20602837788678,-9.80604045202398 -36.20602838407692,-9.80604062615503 -36.20602838879929,-9.80604080026655 -36.20602839205162,-9.80604097438926 -36.20602839383168,-9.80604114855379 -36.20602839413724,-9.80604132279087 -36.20602839296605,-9.80604149713115 -36.20602839031587,-9.80604167160535 -36.20602838618447,-9.80604184624413 -36.20602838056959,-9.80604202107816 -36.20602837346901,-9.80604219613815 -36.20602836488048,-9.80604237145477 -36.20602835480174,-9.80604254705871 -36.20602834323059,-9.80604272298064 -36.20602833016479,-9.80604289925125 -36.20602831560168,-9.80604307590368 -36.20602829951859,-9.80604325309466 -36.20602828190285,-9.80604343089863 -36.20602826275399,-9.80604360930814 -36.20602824207155,-9.80604378831574 -36.20602821985506,-9.80604396791401 -36.20602819610406,-9.80604414809548 -36.20602817081807,-9.80604432885272 -36.20602814399664,-9.80604451017827 -36.20602811563928,-9.80604469206469 -36.20602808574555,-9.80604487450454 -36.20602805431496,-9.80604505749036 -36.20602802134705,-9.80604524101473 -36.20602798684136,-9.80604542507018 -36.20602795079742,-9.80604560964926 -36.20602791321477,-9.80604579474455 -36.20602787409294,-9.80604598034859 -36.20602783343146,-9.80604616645394 -36.20602779122985,-9.80604635305315 -36.20602774748767,-9.80604654013878 -36.20602770220443,-9.80604672770337 -36.20602765537969,-9.80604691573949 -36.20602760701294,-9.80604710423969 -36.20602755710375,-9.80604729319652 -36.20602750565165,-9.80604748260253 -36.20602745265617,-9.80604767245030 -36.20602739811683,-9.80604786273235 -36.20602734203318,-9.80604805344127 -36.20602728440474,-9.80604824456958 -36.20602722523106,-9.80604843610985 -36.20602716451165,-9.80604862805464 -36.20602710224606,-9.80604882039649 -36.20602703843381,-9.80604901312797 -36.20602697307447,-9.80604920624163 -36.20602690616752,-9.80604939973003 -36.20602683771252,-9.80604959358570 -36.20602676770902,-9.80604978780123 -36.20602669615653,-9.80604998236913 -36.20602662304580,-9.80605017727257 -36.20602654836147,-9.80605037248160 -36.20602647211021,-9.80605056798435 -36.20602639429936,-9.80605076376961 -36.20602631493631,-9.80605095982619 -36.20602623402844,-9.80605115614286 -36.20602615158312,-9.80605135270841 -36.20602606760772,-9.80605154951166 -36.20602598210963,-9.80605174654139 -36.20602589509620,-9.80605194378637 -36.20602580657481,-9.80605214123542 -36.20602571655286,-9.80605233887734 -36.20602562503770,-9.80605253670090 -36.20602553203671,-9.80605273469490 -36.20602543755725,-9.80605293284814 -36.20602534160672,-9.80605313114940 -36.20602524419251,-9.80605332958749 -36.20602514532193,-9.80605352815120 -36.20602504500239,-9.80605372682932 -36.20602494324128,-9.80605392561063 -36.20602484004596,-9.80605412448394 -36.20602473542380,-9.80605432343804 -36.20602462938218,-9.80605452246173 -36.20602452192847,-9.80605472154379 -36.20602441307006,-9.80605492067300 -36.20602430281429,-9.80605511983818 -36.20602419116857,-9.80605531902812 -36.20602407814025,-9.80605551823161 -36.20602396373673,-9.80605571743744 -36.20602384796536,-9.80605591663440 -36.20602373083351,-9.80605611581128 -36.20602361234860,-9.80605631495690 -36.20602349251794,-9.80605651406001 -36.20602337134894,-9.80605671310944 -36.20602324884898,-9.80605691209396 -36.20602312502542,-9.80605711100239 -36.20602299988564,-9.80605730982349 -36.20602287343700,-9.80605750854607 -36.20602274568691,-9.80605770715894 -36.20602261664271,-9.80605790565086 -36.20602248631178,-9.80605810401065 -36.20602235470151,-9.80605830222708 -36.20602222181927,-9.80605850028895 -36.20602208767240,-9.80605869818507 -36.20602195226834,-9.80605889590423 -36.20602181561441,-9.80605909343520 -36.20602167771798,-9.80605929076679 -36.20602153858648,-9.80605948788779 -36.20602139822723,-9.80605968478699 -36.20602125664763,-9.80605988145320 -36.20602111385505,-9.80606007787520 -36.20602096985687,-9.80606027404176 -36.20602082466044,-9.80606046994172 -36.20602067827316,-9.80606066556385 -36.20602053070240,-9.80606086089694 -36.20602038195552,-9.80606105592979 -36.20602023203992,-9.80606125065117 -36.20602008096295,-9.80606144504992 -36.20601992873199,-9.80606163911479 -36.20601977535442,-9.80606183283459 -36.20601962083761,-9.80606202619812 -36.20601946518894,-9.80606221919415 -36.20601930841578,-9.80606241181151 -36.20601915052550,-9.80606260403896 -36.20601899152548,-9.80606279586530 -36.20601883142310,-9.80606298727934 -36.20601867022572,-9.80606317826985 -36.20601850794072,-9.80606336882565 -36.20601834457548,-9.80606355893550 -36.20601818013737,-9.80606374858822 -36.20601801463376,-9.80606393777260 -36.20601784807203,-9.80606412647742 -36.20601768045956,-9.80606431469148 -36.20601751181443,-9.80606450240275 -36.20601734215821,-9.80606468960087 -36.20601717150227,-9.80606487627719 -36.20601699985793,-9.80606506242308 -36.20601682723654,-9.80606524802994 -36.20601665364942,-9.80606543308911 -36.20601647910796,-9.80606561759200 -36.20601630362347,-9.80606580152995 -36.20601612720729,-9.80606598489439 -36.20601594987079,-9.80606616767667 -36.20601577162529,-9.80606634986813 -36.20601559248214,-9.80606653146019 -36.20601541245267,-9.80606671244423 -36.20601523154823,-9.80606689281159 -36.20601504978018,-9.80606707255367 -36.20601486715984,-9.80606725166183 -36.20601468369856,-9.80606743012748 -36.20601449940770,-9.80606760794197 -36.20601431429856,-9.80606778509668 -36.20601412838253,-9.80606796158297 -36.20601394167092,-9.80606813739226 -36.20601375417510,-9.80606831251587 -36.20601356590638,-9.80606848694523 -36.20601337687613,-9.80606866067168 -36.20601318709568,-9.80606883368660 -36.20601299657637,-9.80606900598138 -36.20601280532956,-9.80606917754740 -36.20601261336658,-9.80606934837602 -36.20601242069877,-9.80606951845860 -36.20601222733746,-9.80606968778656 -36.20601203329402,-9.80606985635125 -36.20601183857979,-9.80607002414404 -36.20601164320610,-9.80607019115632 -36.20601144718429,-9.80607035737947 -36.20601125052572,-9.80607052280484 -36.20601105324170,-9.80607068742384 -36.20601085534363,-9.80607085122783 -36.20601065684279,-9.80607101420819 -36.20601045775056,-9.80607117635628 -36.20601025807828,-9.80607133766350 -36.20601005783727,-9.80607149812120 -36.20600985703890,-9.80607165772078 -36.20600965569449,-9.80607181645360 -36.20600945381541,-9.80607197431105 -36.20600925141297,-9.80607213128450 -36.20600904849854,-9.80607228736532 -36.20600884508344,-9.80607244254490 -36.20600864117905,-9.80607259681460 -36.20600843679665,-9.80607275016581 -36.20600823194766,-9.80607290258989 -36.20600802664335,-9.80607305407825 -36.20600782089512,-9.80607320462222 -36.20600761471426,-9.80607335421320 -36.20600740811216,-9.80607350284256 -36.20600720110014,-9.80607365050168 -36.20600699368953,-9.80607379718195 -36.20600678589171,-9.80607394287473 -36.20600657771799,-9.80607408757139 -36.20600636917974,-9.80607423126331 -36.20600616028827,-9.80607437394188 -36.20600595105494,-9.80607451559848 -36.20600574149110,-9.80607465622445 -36.20600553160809,-9.80607479581121 -36.20600532141722,-9.80607493435010 -36.20600511092989,-9.80607507183251 -36.20600490015740,-9.80607520824982 -36.20600468911111,-9.80607534359341 -36.20600447780237,-9.80607547785465 -36.20600426624248,-9.80607561102490 -36.20600405444284,-9.80607574309557 -36.20600384241476,-9.80607587405802 -36.20600363016957,-9.80607600390361 -36.20600341772050,-9.80607613262266 -36.20600320515231,-9.80607626016522 -36.20600299250032,-9.80607638651374 -36.20600277975653,-9.80607651167649 -36.20600256691290,-9.80607663566178 -36.20600235396138,-9.80607675847786 -36.20600214089395,-9.80607688013301 -36.20600192770256,-9.80607700063553 -36.20600171437921,-9.80607711999367 -36.20600150091585,-9.80607723821571 -36.20600128730443,-9.80607735530995 -36.20600107353695,-9.80607747128467 -36.20600085960535,-9.80607758614811 -36.20600064550160,-9.80607769990858 -36.20600043121768,-9.80607781257437 -36.20600021674557,-9.80607792415371 -36.20600000207719,-9.80607803465492 -36.20599978720455,-9.80607814408627 -36.20599957211961,-9.80607825245603 -36.20599935681433,-9.80607835977247 -36.20599914128068,-9.80607846604390 -36.20599892551062,-9.80607857127855 -36.20599870949612,-9.80607867548475 -36.20599849322916,-9.80607877867075 -36.20599827670169,-9.80607888084482 -36.20599805990570,-9.80607898201526 -36.20599784283312,-9.80607908219034 -36.20599762547596,-9.80607918137834 -36.20599740782616,-9.80607927958752 -36.20599718987570,-9.80607937682618 -36.20599697161652,-9.80607947310259 -36.20599675304062,-9.80607956842503 -36.20599653413997,-9.80607966280178 -36.20599631490650,-9.80607975624112 -36.20599609533222,-9.80607984875130 -36.20599587540906,-9.80607994034065 -36.20599565514132,-9.80608003101869 -36.20599543453923,-9.80608012079352 -36.20599521360190,-9.80608020967101 -36.20599499232835,-9.80608029765702 -36.20599477071765,-9.80608038475740 -36.20599454876886,-9.80608047097801 -36.20599432648103,-9.80608055632468 -36.20599410385321,-9.80608064080330 -36.20599388088445,-9.80608072441970 -36.20599365757382,-9.80608080717975 -36.20599343392038,-9.80608088908931 -36.20599320992317,-9.80608097015420 -36.20599298558125,-9.80608105038031 -36.20599276089367,-9.80608112977348 -36.20599253585950,-9.80608120833955 -36.20599231047779,-9.80608128608442 -36.20599208474760,-9.80608136301390 -36.20599185866795,-9.80608143913386 -36.20599163223794,-9.80608151445014 -36.20599140545662,-9.80608158896864 -36.20599117832302,-9.80608166269516 -36.20599095083621,-9.80608173563557 -36.20599072299525,-9.80608180779575 -36.20599049479919,-9.80608187918154 -36.20599026624708,-9.80608194979878 -36.20599003733798,-9.80608201965333 -36.20598980807096,-9.80608208875106 -36.20598957844505,-9.80608215709781 -36.20598934845931,-9.80608222469945 -36.20598911811282,-9.80608229156181 -36.20598888740460,-9.80608235769076 -36.20598865633374,-9.80608242309217 -36.20598842489926,-9.80608248777186 -36.20598819310024,-9.80608255173570 -36.20598796093574,-9.80608261498955 -36.20598772840480,-9.80608267753927 -36.20598737887315,-9.80608276997019 -36.20594236877439,-9.80609861013068 -36.20590943808756,-9.80610480301780 -36.20588029737696,-9.80610919362675 -36.20585357535774,-9.80610902541318 -36.20582078314435,-9.80611133065693 -36.20579208106834,-9.80611414396539 -36.20576157669253,-9.80611936933723 -36.20573266996357,-9.80612199485812 -36.20568551838675,-9.80613079993799 -36.20561810173411,-9.80614022424571 -36.20554974324136,-9.80614907599199 -36.20545545653704,-9.80616000096317 -36.20539124712487,-9.80616944090961 -36.20535912871932,-9.80617376152956 -36.20532699287885,-9.80618095707691 -36.20529766608073,-9.80618304355748 -36.20526137326171,-9.80618363538363 -36.20522710153181,-9.80617819207483 -36.20519397921127,-9.80616832878437 -36.20516093626740,-9.80615539221052 -36.20512476871267,-9.80614027915056 -36.20509646165517,-9.80612605726141 -36.20505454055620,-9.80610974613794 -36.20498886531172,-9.80608826968004 -36.20495486502247,-9.80607590839046 -36.20492831216033,-9.80606603772289 -36.20487429747696,-9.80602098060025 -36.20483356682598,-9.80599178656788 -36.20479226075393,-9.80594774290247 -36.20475118467523,-9.80590964973612 -36.20476900191994,-9.80588765368046 -36.20482660434545,-9.80584862192103 -36.20490979344698,-9.80575970065227 -36.20505295116583,-9.80573326699756 -36.20532857736769,-9.80572759514116 -36.20536143748569,-9.80572087314407 -36.20537706225490,-9.80573731678768 -36.20537728454005,-9.80573755072133 -36.20537750690321,-9.80573778473441 -36.20537772934495,-9.80573801882604 -36.20537795186584,-9.80573825299539 -36.20537817446653,-9.80573848724158 -36.20537839714753,-9.80573872156375 -36.20537861990950,-9.80573895596103 -36.20537884275300,-9.80573919043258 -36.20537906567861,-9.80573942497753 -36.20537928868693,-9.80573965959501 -36.20537951177854,-9.80573989428415 -36.20537973495404,-9.80574012904410 -36.20537995821401,-9.80574036387400 -36.20538018155905,-9.80574059877299 -36.20538040498973,-9.80574083374022 -36.20538062850667,-9.80574106877479 -36.20538085211041,-9.80574130387586 -36.20538107580158,-9.80574153904258 -36.20538129958075,-9.80574177427408 -36.20538152344852,-9.80574200956947 -36.20538174740548,-9.80574224492793 -36.20538197145221,-9.80574248034858 -36.20538219558930,-9.80574271583055 -36.20538241981735,-9.80574295137300 -36.20538264413692,-9.80574318697504 -36.20538286854863,-9.80574342263585 -36.20538309305305,-9.80574365835451 -36.20538331765078,-9.80574389413020 -36.20538354234240,-9.80574412996205 -36.20538376712851,-9.80574436584920 -36.20538399200969,-9.80574460179078 -36.20538421698653,-9.80574483778592 -36.20538444205962,-9.80574507383379 -36.20538466722954,-9.80574530993349 -36.20538489249689,-9.80574554608418 -36.20538511786227,-9.80574578228500 -36.20538534332624,-9.80574601853509 -36.20538556888941,-9.80574625483357 -36.20538579455236,-9.80574649117958 -36.20538602031568,-9.80574672757228 -36.20538624617996,-9.80574696401080 -36.20538647214580,-9.80574720049425 -36.20538669821377,-9.80574743702181 -36.20538692438446,-9.80574767359259 -36.20538715065847,-9.80574791020575 -36.20538737703639,-9.80574814686041 -36.20538760351879,-9.80574838355571 -36.20538783010629,-9.80574862029078 -36.20538805679936,-9.80574885706484 -36.20538828359818,-9.80574909387726 -36.20538851050334,-9.80574933072718 -36.20538873751553,-9.80574956761373 -36.20538896463539,-9.80574980453597 -36.20538919186361,-9.80575004149304 -36.20538941920085,-9.80575027848404 -36.20538964664776,-9.80575051550807 -36.20538987420504,-9.80575075256422 -36.20539010187334,-9.80575098965162 -36.20539032965333,-9.80575122676935 -36.20539055754567,-9.80575146391653 -36.20539078555105,-9.80575170109225 -36.20539101367012,-9.80575193829564 -36.20539124190354,-9.80575217552577 -36.20539147025200,-9.80575241278177 -36.20539169871615,-9.80575265006273 -36.20539192729667,-9.80575288736774 -36.20539215599421,-9.80575312469595 -36.20539238480946,-9.80575336204644 -36.20539261374307,-9.80575359941829 -36.20539284279572,-9.80575383681063 -36.20539307196806,-9.80575407422257 -36.20539330126078,-9.80575431165318 -36.20539353067455,-9.80575454910161 -36.20539376021001,-9.80575478656693 -36.20539398986784,-9.80575502404826 -36.20539421964874,-9.80575526154470 -36.20539444955332,-9.80575549905535 -36.20539467958228,-9.80575573657930 -36.20539490973630,-9.80575597411568 -36.20539514001602,-9.80575621166360 -36.20539537042212,-9.80575644922214 -36.20539560095527,-9.80575668679042 -36.20539583161612,-9.80575692436753 -36.20539606240537,-9.80575716195258 -36.20539629332366,-9.80575739954467 -36.20539652437169,-9.80575763714291 -36.20539675555008,-9.80575787474642 -36.20539698685954,-9.80575811235427 -36.20539721830072,-9.80575834996558 -36.20539744987429,-9.80575858757947 -36.20539768158091,-9.80575882519503 -36.20539791342125,-9.80575906281135 -36.20539814539601,-9.80575930042755 -36.20539837750579,-9.80575953804274 -36.20539860975132,-9.80575977565601 -36.20539884213324,-9.80576001326647 -36.20539907465223,-9.80576025087322 -36.20539930730894,-9.80576048847537 -36.20539954010406,-9.80576072607203 -36.20539977303824,-9.80576096366229 -36.20540000611216,-9.80576120124525 -36.20540023932649,-9.80576143882005 -36.20540047268187,-9.80576167638573 -36.20540070617899,-9.80576191394147 -36.20540093981852,-9.80576215148631 -36.20540117360113,-9.80576238901939 -36.20540140752747,-9.80576262653981 -36.20540164159822,-9.80576286404666 -36.20540187581405,-9.80576310153905 -36.20540211017562,-9.80576333901609 -36.20540234468360,-9.80576357647689 -36.20540257933867,-9.80576381392053 -36.20540281414147,-9.80576405134613 -36.20540304909269,-9.80576428875279 -36.20540328419300,-9.80576452613963 -36.20540351944305,-9.80576476350572 -36.20540375484353,-9.80576500085019 -36.20540399039508,-9.80576523817216 -36.20540422609839,-9.80576547547070 -36.20540446195412,-9.80576571274492 -36.20540469796293,-9.80576594999393 -36.20540493412552,-9.80576618721683 -36.20540517044251,-9.80576642441275 -36.20540540691461,-9.80576666158075 -36.20540564354246,-9.80576689871997 -36.20540588032674,-9.80576713582951 -36.20540611726811,-9.80576737290845 -36.20540635436724,-9.80576760995590 -36.20540659162481,-9.80576784697099 -36.20540682904147,-9.80576808395279 -36.20540706661790,-9.80576832090044 -36.20540730435477,-9.80576855781302 -36.20540754225272,-9.80576879468964 -36.20540778031246,-9.80576903152940 -36.20540801853462,-9.80576926833141 -36.20540825691991,-9.80576950509477 -36.20540849546894,-9.80576974181857 -36.20540873418243,-9.80576997850196 -36.20540897306101,-9.80577021514399 -36.20540921210539,-9.80577045174379 -36.20540945131619,-9.80577068830047 -36.20540969069412,-9.80577092481312 -36.20540993023983,-9.80577116128085 -36.20541016995396,-9.80577139770276 -36.20541040983721,-9.80577163407796 -36.20541064989026,-9.80577187040556 -36.20541089011375,-9.80577210668464 -36.20541113050832,-9.80577234291491 -36.20541137107459,-9.80577257909752 -36.20541161181328,-9.80577281523167 -36.20541185272517,-9.80577305131631 -36.20541209381101,-9.80577328735039 -36.20541233507157,-9.80577352333289 -36.20541257650762,-9.80577375926276 -36.20541281811993,-9.80577399513898 -36.20541305990923,-9.80577423096048 -36.20541330187631,-9.80577446672625 -36.20541354402191,-9.80577470243523 -36.20541378634682,-9.80577493808639 -36.20541402885178,-9.80577517367869 -36.20541427153757,-9.80577540921109 -36.20541451440494,-9.80577564468256 -36.20541475745466,-9.80577588009205 -36.20541500068749,-9.80577611543852 -36.20541524410419,-9.80577635072094 -36.20541548770552,-9.80577658593828 -36.20541573149226,-9.80577682108949 -36.20541597546515,-9.80577705617352 -36.20541621962498,-9.80577729118934 -36.20541646397248,-9.80577752613592 -36.20541670850843,-9.80577776101220 -36.20541695323359,-9.80577799581717 -36.20541719814873,-9.80577823054977 -36.20541744325461,-9.80577846520898 -36.20541768855197,-9.80577869979373 -36.20541793404161,-9.80577893430302 -36.20541817972427,-9.80577916873579 -36.20541842560071,-9.80577940309099 -36.20541867167170,-9.80577963736761 -36.20541891793801,-9.80577987156458 -36.20541916440039,-9.80578010568089 -36.20541941105960,-9.80578033971547 -36.20541965791643,-9.80578057366732 -36.20541990497161,-9.80578080753537 -36.20542015222591,-9.80578104131859 -36.20542039968011,-9.80578127501593 -36.20542064733495,-9.80578150862638 -36.20542089519120,-9.80578174214888 -36.20542114324964,-9.80578197558242 -36.20542139151101,-9.80578220892591 -36.20542163997609,-9.80578244217834 -36.20542188864563,-9.80578267533868 -36.20542213752039,-9.80578290840588 -36.20542238660114,-9.80578314137890 -36.20542263588865,-9.80578337425671 -36.20542288538367,-9.80578360703825 -36.20542313508696,-9.80578383972251 -36.20542338499930,-9.80578407230844 -36.20542363512144,-9.80578430479499 -36.20542388545414,-9.80578453718112 -36.20542413599817,-9.80578476946582 -36.20542438675430,-9.80578500164803 -36.20542463772327,-9.80578523372671 -36.20542488890587,-9.80578546570082 -36.20542514030283,-9.80578569756933 -36.20542539191495,-9.80578592933118 -36.20542564374295,-9.80578616098537 -36.20542589578763,-9.80578639253084 -36.20542614804974,-9.80578662396655 -36.20542640053004,-9.80578685529146 -36.20542665322929,-9.80578708650453 -36.20542690614826,-9.80578731760472 -36.20542715928771,-9.80578754859101 -36.20542741264840,-9.80578777946234 -36.20542766623110,-9.80578801021767 -36.20542792003657,-9.80578824085598 -36.20542817406555,-9.80578847137621 -36.20542842831884,-9.80578870177734 -36.20542868279719,-9.80578893205832 -36.20542893750135,-9.80578916221812 -36.20542919243209,-9.80578939225569 -36.20542944759017,-9.80578962217000 -36.20542970297636,-9.80578985196000 -36.20542995859142,-9.80579008162467 -36.20543021443611,-9.80579031116297 -36.20543047051119,-9.80579054057382 -36.20543072681743,-9.80579076985624 -36.20543098335558,-9.80579099900915 -36.20543124012642,-9.80579122803154 -36.20543149713071,-9.80579145692234 -36.20543175436920,-9.80579168568055 -36.20543201184266,-9.80579191430508 -36.20543226955186,-9.80579214279494 -36.20543252749754,-9.80579237114907 -36.20543278568049,-9.80579259936643 -36.20543304410146,-9.80579282744598 -36.20543330276122,-9.80579305538668 -36.20543356166049,-9.80579328318751 -36.20543382080010,-9.80579351084742 -36.20543408018078,-9.80579373836535 -36.20543433980328,-9.80579396574030 -36.20543459966838,-9.80579419297120 -36.20543485977685,-9.80579442005704 -36.20543512012942,-9.80579464699674 -36.20543538072689,-9.80579487378929 -36.20543564157001,-9.80579510043366 -36.20543590265953,-9.80579532692877 -36.20543616399622,-9.80579555327363 -36.20543642558086,-9.80579577946718 -36.20543668741417,-9.80579600550838 -36.20543694949697,-9.80579623139619 -36.20543721182997,-9.80579645712956 -36.20543747441396,-9.80579668270749 -36.20543773724971,-9.80579690812890 -36.20543800033797,-9.80579713339278 -36.20543826367949,-9.80579735849807 -36.20543852727506,-9.80579758344373 -36.20543879112541,-9.80579780822874 -36.20543905523133,-9.80579803285206 -36.20543931959358,-9.80579825731264 -36.20543958421291,-9.80579848160943 -36.20543984909009,-9.80579870574143 -36.20544011422588,-9.80579892970755 -36.20544037962105,-9.80579915350680 -36.20544064527635,-9.80579937713812 -36.20544091119255,-9.80579960060045 -36.20544117737041,-9.80579982389279 -36.20544144381071,-9.80580004701408 -36.20544171051418,-9.80580026996327 -36.20544197748161,-9.80580049273936 -36.20544224471375,-9.80580071534127 -36.20544251221136,-9.80580093776798 -36.20544277997522,-9.80580116001845 -36.20544304800607,-9.80580138209165 -36.20544331630469,-9.80580160398652 -36.20544358487184,-9.80580182570203 -36.20544385370826,-9.80580204723715 -36.20544412281475,-9.80580226859085 -36.20544439219204,-9.80580248976206 -36.20544466184091,-9.80580271074976 -36.20544493176212,-9.80580293155290 -36.20544520195644,-9.80580315217047 -36.20544547242462,-9.80580337260139 -36.20544574316744,-9.80580359284465 -36.20544601418563,-9.80580381289922 -36.20544628547997,-9.80580403276403 -36.20544655705125,-9.80580425243806 -36.20544682890018,-9.80580447192027 -36.20544710102756,-9.80580469120962 -36.20544737343415,-9.80580491030506 -36.20544764612070,-9.80580512920557 -36.20544791908797,-9.80580534791011 -36.20544819233675,-9.80580556641762 -36.20544846586777,-9.80580578472708 -36.20544873968181,-9.80580600283743 -36.20544901377963,-9.80580622074768 -36.20544928816199,-9.80580643845674 -36.20544956282965,-9.80580665596358 -36.20544983778338,-9.80580687326719 -36.20545011302395,-9.80580709036651 -36.20545038855210,-9.80580730726050 -36.20545066436860,-9.80580752394812 -36.20545094047422,-9.80580774042834 -36.20545121686973,-9.80580795670011 -36.20545149355588,-9.80580817276240 -36.20545177053343,-9.80580838861418 -36.20545204780314,-9.80580860425439 -36.20545232536580,-9.80580881968202 -36.20545260322215,-9.80580903489600 -36.20545288137295,-9.80580924989530 -36.20545315981896,-9.80580946467890 -36.20545343856097,-9.80580967924574 -36.20545371759972,-9.80580989359478 -36.20545399693597,-9.80581010772500 -36.20545427657049,-9.80581032163535 -36.20545455650403,-9.80581053532478 -36.20545483673738,-9.80581074879227 -36.20545511727128,-9.80581096203678 -36.20545539810652,-9.80581117505715 -36.20545567924422,-9.80581138784982 -36.20545596068524,-9.80581160041262 -36.20545624243027,-9.80581181274424 -36.20545652448001,-9.80581202484346 -36.20545680683514,-9.80581223670900 -36.20545708949639,-9.80581244833958 -36.20545737246445,-9.80581265973395 -36.20545765574001,-9.80581287089083 -36.20545793932379,-9.80581308180899 -36.20545822321648,-9.80581329248711 -36.20545850741875,-9.80581350292399 -36.20545879193133,-9.80581371311831 -36.20545907675492,-9.80581392306884 -36.20545936189019,-9.80581413277428 -36.20545964733788,-9.80581434223340 -36.20545993309866,-9.80581455144494 -36.20546021917324,-9.80581476040761 -36.20546050556232,-9.80581496912013 -36.20546079226659,-9.80581517758127 -36.20546107928676,-9.80581538578975 -36.20546136662351,-9.80581559374431 -36.20546165427756,-9.80581580144369 -36.20546194224961,-9.80581600888661 -36.20546223054034,-9.80581621607181 -36.20546251915047,-9.80581642299803 -36.20546280808068,-9.80581662966402 -36.20546309733168,-9.80581683606848 -36.20546338690419,-9.80581704221017 -36.20546367679885,-9.80581724808781 -36.20546396701641,-9.80581745370016 -36.20546425755755,-9.80581765904593 -36.20546454842298,-9.80581786412386 -36.20546483961339,-9.80581806893269 -36.20546513112948,-9.80581827347116 -36.20546542297195,-9.80581847773800 -36.20546571514149,-9.80581868173194 -36.20546600763883,-9.80581888545172 -36.20546630046463,-9.80581908889606 -36.20546659361961,-9.80581929206373 -36.20546688710446,-9.80581949495343 -36.20546718091989,-9.80581969756394 -36.20546747506659,-9.80581989989392 -36.20546776954526,-9.80582010194218 -36.20546806435662,-9.80582030370742 -36.20546835950133,-9.80582050518838 -36.20546865498012,-9.80582070638379 -36.20546895079367,-9.80582090729240 -36.20546924694270,-9.80582110791293 -36.20546954342787,-9.80582130824413 -36.20546984024993,-9.80582150828470 -36.20547013740955,-9.80582170803343 -36.20547043490744,-9.80582190748901 -36.20547073274428,-9.80582210665019 -36.20547103092078,-9.80582230551572 -36.20547132943765,-9.80582250408430 -36.20547162829558,-9.80582270235471 -36.20547192749525,-9.80582290032565 -36.20547222703739,-9.80582309799587 -36.20547252692269,-9.80582329536410 -36.20547282715185,-9.80582349242907 -36.20547312772551,-9.80582368918935 -36.20547342864426,-9.80582388564342 -36.20547372990867,-9.80582408178988 -36.20547403151932,-9.80582427762737 -36.20547433347675,-9.80582447315450 -36.20547463578155,-9.80582466836989 -36.20547493843429,-9.80582486327218 -36.20547524143554,-9.80582505785997 -36.20547554478587,-9.80582525213187 -36.20547584848585,-9.80582544608653 -36.20547615253605,-9.80582563972257 -36.20547645693704,-9.80582583303858 -36.20547676168939,-9.80582602603322 -36.20547706679367,-9.80582621870508 -36.20547737225046,-9.80582641105280 -36.20547767806031,-9.80582660307500 -36.20547798422381,-9.80582679477030 -36.20547829074153,-9.80582698613731 -36.20547859761404,-9.80582717717465 -36.20547890484188,-9.80582736788096 -36.20547921242567,-9.80582755825485 -36.20547952036594,-9.80582774829496 -36.20547982866328,-9.80582793799988 -36.20548013731826,-9.80582812736825 -36.20548044633144,-9.80582831639868 -36.20548075570340,-9.80582850508981 -36.20548106543473,-9.80582869344023 -36.20548137552595,-9.80582888144860 -36.20548168597767,-9.80582906911352 -36.20548199679044,-9.80582925643362 -36.20548230796486,-9.80582944340749 -36.20548261950148,-9.80582963003380 -36.20548293140084,-9.80582981631113 -36.20548324366356,-9.80583000223812 -36.20548355629021,-9.80583018781342 -36.20548386928132,-9.80583037303559 -36.20548418263750,-9.80583055790329 -36.20548449635929,-9.80583074241514 -36.20548481044727,-9.80583092656974 -36.20548512490203,-9.80583111036574 -36.20548543972411,-9.80583129380175 -36.20548575491412,-9.80583147687637 -36.20548607047259,-9.80583165958825 -36.20548638640010,-9.80583184193600 -36.20548670269723,-9.80583202391825 -36.20548701936455,-9.80583220553361 -36.20548733640719,-9.80583238677589 -36.20548765383368,-9.80583256762071 -36.20548797162220,-9.80583274805725 -36.20548828974817,-9.80583292807661 -36.20548860818701,-9.80583310766994 -36.20548892691417,-9.80583328682833 -36.20548924590506,-9.80583346554294 -36.20548956513512,-9.80583364380486 -36.20548988457978,-9.80583382160526 -36.20549020421444,-9.80583399893523 -36.20549052401458,-9.80583417578590 -36.20549084395559,-9.80583435214839 -36.20549116401293,-9.80583452801385 -36.20549148416201,-9.80583470337338 -36.20549180437825,-9.80583487821811 -36.20549212463710,-9.80583505253916 -36.20549244491398,-9.80583522632768 -36.20549276518431,-9.80583539957476 -36.20549308542354,-9.80583557227154 -36.20549340560709,-9.80583574440916 -36.20549372571038,-9.80583591597871 -36.20549404570884,-9.80583608697134 -36.20549436557793,-9.80583625737817 -36.20549468529304,-9.80583642719033 -36.20549500482961,-9.80583659639892 -36.20549532416309,-9.80583676499510 -36.20549564326890,-9.80583693296997 -36.20549596212244,-9.80583710031467 -36.20549628069916,-9.80583726702031 -36.20549659897451,-9.80583743307802 -36.20549691692389,-9.80583759847892 -36.20549723452274,-9.80583776321414 -36.20549755174812,-9.80583792727594 -36.20549786868529,-9.80583809073069 -36.20549818539209,-9.80583825362509 -36.20549850186585,-9.80583841596403 -36.20549881810390,-9.80583857775245 -36.20549913410353,-9.80583873899526 -36.20549944986210,-9.80583889969734 -36.20549976537693,-9.80583905986362 -36.20550008064531,-9.80583921949902 -36.20550039566459,-9.80583937860843 -36.20550071043211,-9.80583953719678 -36.20550102494514,-9.80583969526895 -36.20550133920106,-9.80583985282990 -36.20550165319718,-9.80584000988448 -36.20550196693079,-9.80584016643765 -36.20550228039924,-9.80584032249431 -36.20550259359984,-9.80584047805934 -36.20550290652994,-9.80584063313768 -36.20550321918685,-9.80584078773423 -36.20550353156787,-9.80584094185392 -36.20550384367036,-9.80584109550161 -36.20550415549162,-9.80584124868227 -36.20550446702897,-9.80584140140076 -36.20550477827976,-9.80584155366204 -36.20550508924129,-9.80584170547098 -36.20550539991089,-9.80584185683250 -36.20550571028587,-9.80584200775153 -36.20550602036359,-9.80584215823295 -36.20550633014134,-9.80584230828168 -36.20550663961644,-9.80584245790267 -36.20550694878624,-9.80584260710076 -36.20550725764805,-9.80584275588091 -36.20550756619920,-9.80584290424802 -36.20550787443681,-9.80584305220814 -36.20550818235785,-9.80584319976939 -36.20550848995998,-9.80584334693606 -36.20550879724087,-9.80584349371214 -36.20550910419827,-9.80584364010161 -36.20550941082986,-9.80584378610850 -36.20550971713335,-9.80584393173678 -36.20551002310647,-9.80584407699045 -36.20551032874689,-9.80584422187351 -36.20551063405233,-9.80584436638996 -36.20551093902050,-9.80584451054379 -36.20551124364911,-9.80584465433899 -36.20551154793586,-9.80584479777959 -36.20551185187846,-9.80584494086956 -36.20551215547460,-9.80584508361289 -36.20551245872201,-9.80584522601360 -36.20551276161839,-9.80584536807567 -36.20551306416143,-9.80584550980309 -36.20551336634886,-9.80584565119988 -36.20551366817837,-9.80584579227002 -36.20551396964767,-9.80584593301752 -36.20551427075448,-9.80584607344636 -36.20551457149648,-9.80584621356054 -36.20551487187139,-9.80584635336406 -36.20551517187692,-9.80584649286095 -36.20551547151078,-9.80584663205514 -36.20551577077065,-9.80584677095068 -36.20551606965426,-9.80584690955154 -36.20551636815932,-9.80584704786174 -36.20551666628354,-9.80584718588524 -36.20551696402460,-9.80584732362608 -36.20551726138022,-9.80584746108822 -36.20551755834809,-9.80584759827568 -36.20551785492594,-9.80584773519244 -36.20551815111148,-9.80584787184253 -36.20551844690240,-9.80584800822991 -36.20551874229641,-9.80584814435858 -36.20551903729122,-9.80584828023255 -36.20551933188454,-9.80584841585582 -36.20551962607406,-9.80584855123238 -36.20551991985750,-9.80584868636622 -36.20552021323257,-9.80584882126135 -36.20552050619695,-9.80584895592175 -36.20552079874837,-9.80584909035144 -36.20552109088454,-9.80584922455440 -36.20552138260316,-9.80584935853462 -36.20552167390192,-9.80584949229611 -36.20552196477855,-9.80584962584288 -36.20552225523075,-9.80584975917890 -36.20552254525622,-9.80584989230817 -36.20552283485266,-9.80585002523470 -36.20552312401779,-9.80585015796249 -36.20552341274931,-9.80585029049553 -36.20552370104493,-9.80585042283779 -36.20552398890235,-9.80585055499331 -36.20552427631928,-9.80585068696607 -36.20552456329342,-9.80585081876005 -36.20552484982250,-9.80585095037928 -36.20552513590420,-9.80585108182773 -36.20552542153624,-9.80585121310940 -36.20552570671632,-9.80585134422830 -36.20552599144213,-9.80585147518841 -36.20552627571142,-9.80585160599374 -36.20552655952185,-9.80585173664828 -36.20552684287117,-9.80585186715603 -36.20552712575737,-9.80585199751942 -36.20552740817915,-9.80585212773817 -36.20552769013448,-9.80585225781518 -36.20552797162125,-9.80585238775352 -36.20552825263739,-9.80585251755626 -36.20552853318083,-9.80585264722647 -36.20552881324949,-9.80585277676721 -36.20552909284131,-9.80585290618156 -36.20552937195420,-9.80585303547257 -36.20552965058608,-9.80585316464332 -36.20552992873489,-9.80585329369686 -36.20553020639854,-9.80585342263628 -36.20553048357497,-9.80585355146462 -36.20553076026209,-9.80585368018499 -36.20553103645784,-9.80585380880039 -36.20553131216012,-9.80585393731395 -36.20553158736689,-9.80585406572870 -36.20553186207602,-9.80585419404773 -36.20553213628549,-9.80585432227409 -36.20553240999319,-9.80585445041085 -36.20553268319707,-9.80585457846107 -36.20553295589504,-9.80585470642783 -36.20553322808502,-9.80585483431420 -36.20553349976493,-9.80585496212323 -36.20553377093273,-9.80585508985800 -36.20553404158630,-9.80585521752157 -36.20553431172359,-9.80585534511700 -36.20553458134252,-9.80585547264738 -36.20553485044101,-9.80585560011576 -36.20553511901698,-9.80585572752521 -36.20553538706837,-9.80585585487879 -36.20553565472915,-9.80585598224586 -36.20553592255766,-9.80585610989926 -36.20553619061663,-9.80585623786617 -36.20553645890862,-9.80585636614424 -36.20553672743623,-9.80585649473116 -36.20553699620202,-9.80585662362458 -36.20553726520862,-9.80585675282219 -36.20553753445858,-9.80585688232166 -36.20553780395449,-9.80585701212065 -36.20553807369893,-9.80585714221685 -36.20553834369451,-9.80585727260790 -36.20553861394378,-9.80585740329149 -36.20553888444935,-9.80585753426531 -36.20553915521381,-9.80585766552700 -36.20553942623972,-9.80585779707424 -36.20553969752967,-9.80585792890472 -36.20553996908626,-9.80585806101607 -36.20554024091207,-9.80585819340600 -36.20554051300968,-9.80585832607218 -36.20554078538167,-9.80585845901225 -36.20554105803063,-9.80585859222392 -36.20554133095916,-9.80585872570483 -36.20554160416983,-9.80585885945265 -36.20554187766521,-9.80585899346508 -36.20554215144792,-9.80585912773977 -36.20554242552052,-9.80585926227442 -36.20554269988558,-9.80585939706665 -36.20554297454572,-9.80585953211417 -36.20554324950351,-9.80585966741464 -36.20554352476154,-9.80585980296573 -36.20554380032238,-9.80585993876511 -36.20554407618863,-9.80586007481047 -36.20554435236288,-9.80586021109945 -36.20554462884769,-9.80586034762974 -36.20554490564567,-9.80586048439900 -36.20554518275937,-9.80586062140492 -36.20554546019142,-9.80586075864516 -36.20554573794438,-9.80586089611739 -36.20554601602083,-9.80586103381928 -36.20554629442337,-9.80586117174851 -36.20554657315458,-9.80586130990274 -36.20554685221704,-9.80586144827964 -36.20554713161333,-9.80586158687690 -36.20554741134607,-9.80586172569218 -36.20554769141779,-9.80586186472313 -36.20554797183111,-9.80586200396746 -36.20554825258861,-9.80586214342282 -36.20554853369287,-9.80586228308688 -36.20554881514647,-9.80586242295732 -36.20554909695202,-9.80586256303181 -36.20554937911207,-9.80586270330801 -36.20554966162923,-9.80586284378360 -36.20554994450607,-9.80586298445624 -36.20555022774519,-9.80586312532362 -36.20555051134915,-9.80586326638341 -36.20555079532056,-9.80586340763326 -36.20555107966199,-9.80586354907087 -36.20555136437605,-9.80586369069387 -36.20555164946528,-9.80586383249998 -36.20555193493230,-9.80586397448686 -36.20555222077970,-9.80586411665215 -36.20555250701003,-9.80586425899354 -36.20555279362483,-9.80586440150818 -36.20555308060895,-9.80586454418499 -36.20555336795808,-9.80586468701742 -36.20555365567400,-9.80586483000185 -36.20555394375850,-9.80586497313456 -36.20555423221335,-9.80586511641191 -36.20555452104035,-9.80586525983022 -36.20555481024128,-9.80586540338581 -36.20555509981792,-9.80586554707505 -36.20555538977207,-9.80586569089423 -36.20555568010550,-9.80586583483970 -36.20555597081998,-9.80586597890779 -36.20555626191734,-9.80586612309482 -36.20555655339931,-9.80586626739715 -36.20555684526770,-9.80586641181109 -36.20555713752431,-9.80586655633296 -36.20555743017091,-9.80586670095910 -36.20555772320928,-9.80586684568586 -36.20555801664121,-9.80586699050956 -36.20555831046848,-9.80586713542651 -36.20555860469287,-9.80586728043307 -36.20555889931620,-9.80586742552558 -36.20555919434020,-9.80586757070033 -36.20555948976670,-9.80586771595367 -36.20555978559746,-9.80586786128194 -36.20556008183426,-9.80586800668147 -36.20556037847891,-9.80586815214857 -36.20556067553317,-9.80586829767961 -36.20556097299884,-9.80586844327088 -36.20556127087770,-9.80586858891874 -36.20556156917154,-9.80586873461953 -36.20556186788212,-9.80586888036952 -36.20556216701125,-9.80586902616512 -36.20556246656072,-9.80586917200261 -36.20556276653228,-9.80586931787835 -36.20556306692775,-9.80586946378863 -36.20556336774890,-9.80586960972983 -36.20556366899751,-9.80586975569825 -36.20556397067537,-9.80586990169024 -36.20556427278427,-9.80587004770212 -36.20556457532599,-9.80587019373022 -36.20556487830230,-9.80587033977088 -36.20556518171500,-9.80587048582042 -36.20556548556590,-9.80587063187517 -36.20556578985673,-9.80587077793147 -36.20556609458930,-9.80587092398567 -36.20556639976540,-9.80587107003406 -36.20556670538682,-9.80587121607300 -36.20556701145532,-9.80587136209881 -36.20556731797272,-9.80587150810781 -36.20556762494078,-9.80587165409636 -36.20556793236128,-9.80587180006078 -36.20556824023603,-9.80587194599741 -36.20556854856677,-9.80587209190255 -36.20556885735533,-9.80587223777255 -36.20556916660347,-9.80587238360375 -36.20556947631298,-9.80587252939247 -36.20556978648565,-9.80587267513503 -36.20557009712327,-9.80587282082779 -36.20557040822761,-9.80587296646707 -36.20557071980045,-9.80587311204918 -36.20557103184359,-9.80587325757047 -36.20557134435881,-9.80587340302729 -36.20557165737502,-9.80587354842540 -36.20557197091863,-9.80587369376903 -36.20557228498556,-9.80587383905128 -36.20557259957170,-9.80587398426533 -36.20557291467295,-9.80587412940426 -36.20557323028521,-9.80587427446127 -36.20557354640437,-9.80587441942946 -36.20557386302634,-9.80587456430197 -36.20557418014702,-9.80587470907195 -36.20557449776231,-9.80587485373254 -36.20557481586810,-9.80587499827686 -36.20557513446030,-9.80587514269805 -36.20557545353481,-9.80587528698927 -36.20557577308750,-9.80587543114363 -36.20557609311433,-9.80587557515429 -36.20557641361114,-9.80587571901436 -36.20557673457387,-9.80587586271701 -36.20557705599839,-9.80587600625534 -36.20557737788061,-9.80587614962253 -36.20557770021643,-9.80587629281169 -36.20557802300176,-9.80587643581597 -36.20557834623248,-9.80587657862852 -36.20557866990453,-9.80587672124243 -36.20557899401374,-9.80587686365089 -36.20557931855607,-9.80587700584699 -36.20557964352740,-9.80587714782392 -36.20557996892362,-9.80587728957479 -36.20558029474064,-9.80587743109272 -36.20558062094882,-9.80587757236039 -36.20558094721886,-9.80587771323980 -36.20558127345026,-9.80587785369170 -36.20558159964208,-9.80587799371820 -36.20558192579331,-9.80587813332146 -36.20558225190296,-9.80587827250363 -36.20558257797006,-9.80587841126684 -36.20558290399362,-9.80587854961322 -36.20558322997266,-9.80587868754492 -36.20558355590620,-9.80587882506409 -36.20558388179324,-9.80587896217285 -36.20558420763282,-9.80587909887335 -36.20558453342392,-9.80587923516773 -36.20558485916560,-9.80587937105811 -36.20558518485685,-9.80587950654667 -36.20558551049670,-9.80587964163552 -36.20558583608416,-9.80587977632681 -36.20558616161822,-9.80587991062268 -36.20558648709794,-9.80588004452526 -36.20558681252232,-9.80588017803669 -36.20558713789036,-9.80588031115913 -36.20558746320110,-9.80588044389469 -36.20558778845355,-9.80588057624554 -36.20558811364672,-9.80588070821380 -36.20558843877963,-9.80588083980160 -36.20558876385128,-9.80588097101113 -36.20558908886072,-9.80588110184447 -36.20558941380694,-9.80588123230378 -36.20558973868897,-9.80588136239123 -36.20559006350568,-9.80588149210904 -36.20559038825577,-9.80588162145969 -36.20559071293841,-9.80588175044530 -36.20559103755276,-9.80588187906788 -36.20559136209800,-9.80588200732952 -36.20559168657332,-9.80588213523225 -36.20559201097790,-9.80588226277815 -36.20559233531091,-9.80588238996925 -36.20559265957156,-9.80588251680764 -36.20559298375903,-9.80588264329537 -36.20559330787246,-9.80588276943446 -36.20559363191107,-9.80588289522700 -36.20559395587403,-9.80588302067504 -36.20559427976053,-9.80588314578062 -36.20559460356973,-9.80588327054583 -36.20559492730083,-9.80588339497269 -36.20559525095302,-9.80588351906329 -36.20559557452546,-9.80588364281965 -36.20559589801735,-9.80588376624385 -36.20559622142786,-9.80588388933796 -36.20559654475617,-9.80588401210399 -36.20559686800147,-9.80588413454404 -36.20559719116293,-9.80588425666017 -36.20559751423976,-9.80588437845438 -36.20559783723111,-9.80588449992879 -36.20559816013619,-9.80588462108542 -36.20559848295414,-9.80588474192633 -36.20559880568418,-9.80588486245360 -36.20559912832549,-9.80588498266925 -36.20559945087724,-9.80588510257537 -36.20559977333859,-9.80588522217398 -36.20560009570877,-9.80588534146717 -36.20560041798692,-9.80588546045699 -36.20560074017225,-9.80588557914549 -36.20560106226393,-9.80588569753472 -36.20560138426114,-9.80588581562675 -36.20560170616305,-9.80588593342361 -36.20560202796888,-9.80588605092741 -36.20560234967778,-9.80588616814015 -36.20560267128894,-9.80588628506390 -36.20560299280153,-9.80588640170075 -36.20560331421476,-9.80588651805270 -36.20560363552778,-9.80588663412186 -36.20560395673980,-9.80588674991025 -36.20560427784997,-9.80588686541995 -36.20560459885751,-9.80588698065301 -36.20560491976156,-9.80588709561149 -36.20560524056133,-9.80588721029742 -36.20560556125601,-9.80588732471287 -36.20560588184476,-9.80588743885991 -36.20560620232677,-9.80588755274060 -36.20560652270122,-9.80588766635696 -36.20560684296729,-9.80588777971109 -36.20560716312417,-9.80588789280502 -36.20560748317103,-9.80588800564082 -36.20560780310706,-9.80588811822053 -36.20560812293144,-9.80588823054622 -36.20560844264331,-9.80588834262016 -36.20560876224153,-9.80588845444632 -36.20560908172532,-9.80588856602706 -36.20560940109400,-9.80588867736419 -36.20560972034697,-9.80588878845950 -36.20561003948353,-9.80588889931480 -36.20561035850304,-9.80588900993190 -36.20561067740486,-9.80588912031256 -36.20561099618829,-9.80588923045863 -36.20561131485271,-9.80588934037189 -36.20561163339747,-9.80588945005414 -36.20561195182187,-9.80588955950718 -36.20561227012530,-9.80588966873281 -36.20561258830708,-9.80588977773286 -36.20561290636655,-9.80588988650910 -36.20561322430308,-9.80588999506332 -36.20561354211599,-9.80589010339736 -36.20561385980464,-9.80589021151301 -36.20561417736836,-9.80589031941205 -36.20561449480650,-9.80589042709631 -36.20561481211840,-9.80589053456757 -36.20561512930340,-9.80589064182764 -36.20561544636087,-9.80589074887833 -36.20561576329014,-9.80589085572142 -36.20561608009054,-9.80589096235873 -36.20561639676141,-9.80589106879206 -36.20561671330211,-9.80589117502319 -36.20561702971200,-9.80589128105395 -36.20561734599038,-9.80589138688614 -36.20561766213664,-9.80589149252154 -36.20561797815011,-9.80589159796196 -36.20561829403011,-9.80589170320920 -36.20561860977601,-9.80589180826508 -36.20561892538712,-9.80589191313139 -36.20561924086284,-9.80589201780991 -36.20561955620249,-9.80589212230247 -36.20561987140539,-9.80589222661086 -36.20562018647089,-9.80589233073690 -36.20562050139836,-9.80589243468237 -36.20562081618712,-9.80589253844907 -36.20562113083653,-9.80589264203879 -36.20562144534593,-9.80589274545337 -36.20562175971465,-9.80589284869459 -36.20562207394204,-9.80589295176425 -36.20562238802746,-9.80589305466416 -36.20562270197025,-9.80589315739609 -36.20562301576974,-9.80589325996190 -36.20562332942528,-9.80589336236333 -36.20562364293622,-9.80589346460223 -36.20562395630189,-9.80589356668037 -36.20562426952164,-9.80589366859958 -36.20562458259484,-9.80589377036163 -36.20562489552078,-9.80589387196833 -36.20562520829885,-9.80589397342149 -36.20562552092837,-9.80589407472292 -36.20562583340870,-9.80589417587440 -36.20562614573918,-9.80589427687776 -36.20562645791914,-9.80589437773477 -36.20562676994794,-9.80589447844723 -36.20562708182492,-9.80589457901698 -36.20562739354942,-9.80589467944577 -36.20562770512079,-9.80589477973546 -36.20562801653836,-9.80589487988781 -36.20562832780148,-9.80589497990463 -36.20562863890952,-9.80589507978772 -36.20562894986179,-9.80589517953889 -36.20562926065764,-9.80589527915993 -36.20562957129642,-9.80589537865267 -36.20562988177750,-9.80589547801887 -36.20563019210017,-9.80589557726035 -36.20563050226381,-9.80589567637892 -36.20563081226776,-9.80589577537637 -36.20563112211134,-9.80589587425451 -36.20563143179394,-9.80589597301513 -36.20563174131486,-9.80589607166006 -36.20563205067348,-9.80589617019105 -36.20563235986911,-9.80589626860996 -36.20563266890112,-9.80589636691855 -36.20563297776884,-9.80589646511863 -36.20563328647161,-9.80589656321200 -36.20563359500879,-9.80589666120049 -36.20563390337971,-9.80589675908587 -36.20563421158371,-9.80589685686994 -36.20563451962017,-9.80589695455451 -36.20563482748839,-9.80589705214140 -36.20563513518774,-9.80589714963240 -36.20563544271755,-9.80589724702928 -36.20563575007717,-9.80589734433389 -36.20563605726593,-9.80589744154800 -36.20563636428322,-9.80589753867342 -36.20563667112832,-9.80589763571196 -36.20563697780061,-9.80589773266542 -36.20563728429945,-9.80589782953558 -36.20563759062414,-9.80589792632427 -36.20563789677405,-9.80589802303327 -36.20563820274853,-9.80589811966439 -36.20563850854691,-9.80589821621944 -36.20563881416855,-9.80589831270020 -36.20563911961277,-9.80589840910849 -36.20563942487892,-9.80589850544610 -36.20563972996636,-9.80589860171485 -36.20564003487443,-9.80589869791653 -36.20564033960247,-9.80589879405293 -36.20564064414980,-9.80589889012587 -36.20564094851582,-9.80589898613714 -36.20564125269983,-9.80589908208855 -36.20564155670118,-9.80589917798188 -36.20564186051921,-9.80589927381896 -36.20564216415328,-9.80589936960159 -36.20564246760273,-9.80589946533155 -36.20564277086689,-9.80589956101065 -36.20564307394513,-9.80589965664070 -36.20564337683676,-9.80589975222349 -36.20564367954116,-9.80589984776083 -36.20564398205765,-9.80589994325451 -36.20564428438586,-9.80590003870542 -36.20564458652574,-9.80590013411319 -36.20564488847673,-9.80590022947930 -36.20564519023825,-9.80590032480527 -36.20564549180969,-9.80590042009266 -36.20564579319047,-9.80590051534296 -36.20564609438000,-9.80590061055776 -36.20564639537768,-9.80590070573859 -36.20564669618292,-9.80590080088697 -36.20564699679512,-9.80590089600445 -36.20564729721371,-9.80590099109256 -36.20564759743807,-9.80590108615285 -36.20564789746764,-9.80590118118686 -36.20564819730181,-9.80590127619611 -36.20564849693998,-9.80590137118216 -36.20564879638156,-9.80590146614655 -36.20564909562598,-9.80590156109079 -36.20564939467262,-9.80590165601646 -36.20564969352091,-9.80590175092506 -36.20564999217025,-9.80590184581816 -36.20565029062003,-9.80590194069729 -36.20565058886969,-9.80590203556396 -36.20565088691861,-9.80590213041975 -36.20565118476623,-9.80590222526618 -36.20565148241193,-9.80590232010479 -36.20565177985510,-9.80590241493711 -36.20565207709521,-9.80590250976469 -36.20565237413162,-9.80590260458907 -36.20565267096376,-9.80590269941178 -36.20565296759102,-9.80590279423438 -36.20565326401281,-9.80590288905837 -36.20565356022855,-9.80590298388532 -36.20565385623765,-9.80590307871676 -36.20565415203950,-9.80590317355424 -36.20565444763352,-9.80590326839928 -36.20565474301912,-9.80590336325343 -36.20565503819571,-9.80590345811822 -36.20565533316268,-9.80590355299519 -36.20565562791945,-9.80590364788588 -36.20565592246545,-9.80590374279186 -36.20565621680004,-9.80590383771461 -36.20565651092267,-9.80590393265571 -36.20565680483274,-9.80590402761669 -36.20565709852963,-9.80590412259909 -36.20565739201278,-9.80590421760443 -36.20565768528158,-9.80590431263428 -36.20565797833545,-9.80590440769016 -36.20565827117597,-9.80590450277824 -36.20565856381450,-9.80590459791189 -36.20565885626393,-9.80590469309519 -36.20565914853698,-9.80590478833178 -36.20565944064646,-9.80590488362537 -36.20565973260511,-9.80590497897959 -36.20566002442571,-9.80590507439815 -36.20566031612105,-9.80590516988469 -36.20566060770389,-9.80590526544289 -36.20566089918700,-9.80590536107641 -36.20566119058314,-9.80590545678892 -36.20566148190509,-9.80590555258410 -36.20566177316561,-9.80590564846562 -36.20566206437750,-9.80590574443715 -36.20566235555348,-9.80590584050234 -36.20566264670637,-9.80590593666488 -36.20566293784891,-9.80590603292842 -36.20566322899389,-9.80590612929665 -36.20566352015406,-9.80590622577323 -36.20566381134221,-9.80590632236181 -36.20566410257108,-9.80590641906610 -36.20566439385349,-9.80590651588974 -36.20566468520217,-9.80590661283640 -36.20566497662990,-9.80590670990977 -36.20566526814946,-9.80590680711348 -36.20566555977361,-9.80590690445124 -36.20566585151511,-9.80590700192671 -36.20566614338676,-9.80590709954355 -36.20566643540132,-9.80590719730543 -36.20566672757155,-9.80590729521600 -36.20566701991022,-9.80590739327896 -36.20566731243010,-9.80590749149798 -36.20566760514397,-9.80590758987672 -36.20566789806461,-9.80590768841884 -36.20566819119313,-9.80590778712347 -36.20566848445474,-9.80590788596006 -36.20566877783396,-9.80590798492124 -36.20566907133106,-9.80590808400583 -36.20566936494628,-9.80590818321261 -36.20566965867988,-9.80590828254039 -36.20566995253212,-9.80590838198799 -36.20567024650325,-9.80590848155418 -36.20567054059352,-9.80590858123778 -36.20567083480322,-9.80590868103759 -36.20567112913254,-9.80590878095239 -36.20567142358180,-9.80590888098100 -36.20567171815123,-9.80590898112222 -36.20567201284107,-9.80590908137484 -36.20567230765160,-9.80590918173767 -36.20567260258307,-9.80590928220952 -36.20567289763573,-9.80590938278916 -36.20567319280983,-9.80590948347542 -36.20567348810566,-9.80590958426708 -36.20567378352343,-9.80590968516294 -36.20567407906342,-9.80590978616182 -36.20567437472588,-9.80590988726252 -36.20567467051107,-9.80590998846381 -36.20567496641924,-9.80591008976453 -36.20567526245065,-9.80591019116345 -36.20567555860556,-9.80591029265938 -36.20567585488421,-9.80591039425112 -36.20567615128687,-9.80591049593747 -36.20567644781379,-9.80591059771725 -36.20567674446521,-9.80591069958923 -36.20567704124141,-9.80591080155221 -36.20567733814267,-9.80591090360502 -36.20567763516918,-9.80591100574645 -36.20567793232125,-9.80591110797529 -36.20567822959909,-9.80591121029033 -36.20567852700280,-9.80591131269069 -36.20567882453259,-9.80591141517521 -36.20567912218874,-9.80591151774266 -36.20567941997155,-9.80591162039173 -36.20567971788134,-9.80591172312114 -36.20568001591840,-9.80591182592961 -36.20568031408307,-9.80591192881584 -36.20568061237562,-9.80591203177858 -36.20568091079636,-9.80591213481652 -36.20568120934561,-9.80591223792840 -36.20568150802369,-9.80591234111291 -36.20568180683085,-9.80591244436880 -36.20568210576746,-9.80591254769476 -36.20568240483378,-9.80591265108951 -36.20568270403013,-9.80591275455178 -36.20568300335682,-9.80591285808029 -36.20568330281415,-9.80591296167374 -36.20568360240243,-9.80591306533084 -36.20568390212196,-9.80591316905035 -36.20568420197306,-9.80591327283094 -36.20568450195601,-9.80591337667136 -36.20568480207113,-9.80591348057033 -36.20568510231873,-9.80591358452653 -36.20568540269912,-9.80591368853870 -36.20568570321257,-9.80591379260557 -36.20568600385944,-9.80591389672585 -36.20568630464000,-9.80591400089823 -36.20568660555455,-9.80591410512146 -36.20568690660341,-9.80591420939427 -36.20568720778690,-9.80591431371534 -36.20568750910531,-9.80591441808338 -36.20568781055891,-9.80591452249716 -36.20568811214808,-9.80591462695535 -36.20568841387307,-9.80591473145668 -36.20568871573419,-9.80591483599988 -36.20568901773177,-9.80591494058366 -36.20568931986610,-9.80591504520674 -36.20568962213749,-9.80591514986783 -36.20568992454623,-9.80591525456564 -36.20569022709265,-9.80591535929891 -36.20569052977705,-9.80591546406634 -36.20569083259972,-9.80591556886665 -36.20569113556098,-9.80591567369858 -36.20569143866113,-9.80591577856080 -36.20569174190047,-9.80591588345207 -36.20569204527932,-9.80591598837109 -36.20569234879797,-9.80591609331659 -36.20569265245674,-9.80591619828726 -36.20569295625594,-9.80591630328184 -36.20569326019584,-9.80591640829906 -36.20569356427678,-9.80591651333759 -36.20569386849905,-9.80591661839619 -36.20569417286296,-9.80591672347355 -36.20569447736883,-9.80591682856843 -36.20569478201694,-9.80591693367949 -36.20569508680760,-9.80591703880549 -36.20569539174113,-9.80591714394513 -36.20569569681784,-9.80591724909714 -36.20569600203801,-9.80591735426022 -36.20569630740196,-9.80591745943310 -36.20569661290999,-9.80591756461449 -36.20569691856242,-9.80591766980311 -36.20569722435953,-9.80591777499767 -36.20569753030166,-9.80591788019691 -36.20569783638909,-9.80591798539951 -36.20569814262212,-9.80591809060423 -36.20569844900108,-9.80591819580976 -36.20569875552626,-9.80591830101481 -36.20569906219791,-9.80591840621846 -36.20569936901603,-9.80591851142104 -36.20569967598096,-9.80591861662135 -36.20569998309309,-9.80591872181793 -36.20570029035279,-9.80591882700931 -36.20570059776046,-9.80591893219405 -36.20570090531647,-9.80591903737068 -36.20570121302121,-9.80591914253770 -36.20570152087508,-9.80591924769369 -36.20570182887846,-9.80591935283718 -36.20570213703170,-9.80591945796668 -36.20570244533523,-9.80591956308075 -36.20570275378941,-9.80591966817793 -36.20570306239463,-9.80591977325674 -36.20570337115129,-9.80591987831573 -36.20570368005974,-9.80591998335344 -36.20570398912040,-9.80592008836840 -36.20570429833363,-9.80592019335913 -36.20570460769983,-9.80592029832419 -36.20570491721938,-9.80592040326211 -36.20570522689265,-9.80592050817143 -36.20570553672005,-9.80592061305069 -36.20570584670196,-9.80592071789842 -36.20570615683875,-9.80592082271315 -36.20570646713082,-9.80592092749344 -36.20570677757854,-9.80592103223778 -36.20570708818230,-9.80592113694476 -36.20570739894250,-9.80592124161289 -36.20570770985950,-9.80592134624071 -36.20570802093369,-9.80592145082677 -36.20570833216548,-9.80592155536958 -36.20570864355522,-9.80592165986771 -36.20570895510332,-9.80592176431966 -36.20570926681015,-9.80592186872399 -36.20570957867610,-9.80592197307923 -36.20570989070156,-9.80592207738392 -36.20571020288691,-9.80592218163661 -36.20571051523253,-9.80592228583582 -36.20571082773881,-9.80592238998008 -36.20571114040612,-9.80592249406794 -36.20571145323489,-9.80592259809794 -36.20571176622544,-9.80592270206861 -36.20571207937821,-9.80592280597849 -36.20571239269355,-9.80592290982609 -36.20571270617186,-9.80592301360999 -36.20571301981353,-9.80592311732871 -36.20571333361894,-9.80592322098077 -36.20571364758845,-9.80592332456474 -36.20571396172247,-9.80592342807914 -36.20571427602139,-9.80592353152248 -36.20571459048559,-9.80592363489335 -36.20571490511544,-9.80592373819024 -36.20571521991134,-9.80592384141172 -36.20571553487367,-9.80592394455629 -36.20571585000281,-9.80592404762254 -36.20571616529915,-9.80592415060894 -36.20571648076307,-9.80592425351408 -36.20571679639497,-9.80592435633649 -36.20571711219521,-9.80592445907470 -36.20571742816419,-9.80592456172723 -36.20571774430231,-9.80592466429262 -36.20571806060991,-9.80592476676943 -36.20571837708742,-9.80592486915620 -36.20571869373521,-9.80592497145143 -36.20571901055366,-9.80592507365367 -36.20571932754315,-9.80592517576148 -36.20571964470406,-9.80592527777339 -36.20571996203680,-9.80592537968791 -36.20572027954175,-9.80592548150360 -36.20572059721926,-9.80592558321899 -36.20572091506975,-9.80592568483262 -36.20572123309359,-9.80592578634304 -36.20572155129119,-9.80592588774876 -36.20572186966290,-9.80592598904831 -36.20572218820911,-9.80592609024028 -36.20572250693023,-9.80592619132314 -36.20572282582660,-9.80592629229550 -36.20572314489866,-9.80592639315582 -36.20572346414677,-9.80592649390269 -36.20572378357130,-9.80592659453462 -36.20572410317265,-9.80592669505016 -36.20572442295120,-9.80592679544786 -36.20572474290734,-9.80592689572623 -36.20572506304144,-9.80592699588380 -36.20572538335391,-9.80592709591915 -36.20572570384511,-9.80592719583078 -36.20572602451544,-9.80592729561723 -36.20572634536528,-9.80592739527706 -36.20572666639501,-9.80592749480879 -36.20588443251259,-9.80596221232691
          </coordinates>
        </LinearRing>
      </outerBoundaryIs>
    </Polygon>
  </Placemark>
  <Placemark>
    <name>AgroCAD: 81A3</name>
    <styleUrl>FF0040FF</styleUrl>
    <Polygon>
      <outerBoundaryIs>
        <LinearRing>
          <coordinates>
           -36.20458869930169,-9.80656944404986 -36.20471952084193,-9.80643506991951 -36.20477272676445,-9.80625330327080 -36.20477918594005,-9.80622582077051 -36.20522932820694,-9.80630897463843 -36.20533690167919,-9.80632012102065 -36.20536997135038,-9.80631903322047 -36.20540244891657,-9.80631212751246 -36.20543595492359,-9.80631205855243 -36.20547212380625,-9.80631322386269 -36.20550277873621,-9.80630938315886 -36.20553621133694,-9.80630605616701 -36.20557121801493,-9.80630168289175 -36.20560534572268,-9.80630092493532 -36.20563755315187,-9.80629206522806 -36.20567129318138,-9.80627905297503 -36.20570483599119,-9.80626854575674 -36.20573995899768,-9.80625599562939 -36.20577507229250,-9.80624438746771 -36.20581120281271,-9.80623553676414 -36.20584839579295,-9.80623090180586 -36.20588298746158,-9.80622302866123 -36.20591858042427,-9.80621843794946 -36.20595237740082,-9.80620974788625 -36.20599771092543,-9.80620149909299 -36.20602174009461,-9.80619604713147 -36.20607107773654,-9.80619089780197 -36.20610668631407,-9.80618973837096 -36.20614246494161,-9.80618376909879 -36.20617723124047,-9.80617939195220 -36.20621268090553,-9.80617001523225 -36.20624552084868,-9.80615786069862 -36.20628568834548,-9.80614378365923 -36.20633973279999,-9.80612568190861 -36.20637016634128,-9.80611352478046 -36.20640241322961,-9.80610537337627 -36.20647497069359,-9.80607401169265 -36.20654850669275,-9.80604313781588 -36.20661458963449,-9.80601302247775 -36.20668498880022,-9.80597878153434 -36.20674996509669,-9.80594576220109 -36.20677573847094,-9.80594142063845 -36.20680785942322,-9.80593955363685 -36.20694323197275,-9.80593651610378 -36.20716519604239,-9.80591947689290 -36.20723302507372,-9.80592111239635 -36.20729056442773,-9.80592912119778 -36.20733008571497,-9.80593597391457 -36.20747193270068,-9.80595988293110 -36.20746592831556,-9.80597268383742 -36.20737540592252,-9.80611053224947 -36.20732904970938,-9.80624097105199 -36.20729323489353,-9.80623584197133 -36.20725551872598,-9.80623231391675 -36.20721708941582,-9.80623172311872 -36.20718284139510,-9.80623012664482 -36.20716847591758,-9.80623034429549 -36.20705739097595,-9.80626969670702 -36.20693628190414,-9.80631316248466 -36.20656911610917,-9.80644892377467 -36.20542160496962,-9.80687100415932 -36.20510283130616,-9.80698862457891 -36.20495235975319,-9.80703093467118 -36.20487895679931,-9.80710185872733 -36.20482942796493,-9.80716091523932 -36.20477089109260,-9.80704546955745 -36.20463293321198,-9.80675180501393 -36.20458213706956,-9.80660324936987 -36.20458869930169,-9.80656944404986
          </coordinates>
        </LinearRing>
      </outerBoundaryIs>
    </Polygon>
  </Placemark>
  <Placemark>
    <name>AgroCAD: 81A2</name>
    <styleUrl>FF0040FF</styleUrl>
    <Polygon>
      <outerBoundaryIs>
        <LinearRing>
          <coordinates>
           -36.20523878215454,-9.80528658563638 -36.20552593099543,-9.80541957446308 -36.20568457649682,-9.80546802401142 -36.20595582578272,-9.80550016352265 -36.20703846272435,-9.80548937881587 -36.20688881631182,-9.80539626534704 -36.20674953296915,-9.80534808624039 -36.20656618550165,-9.80524753645440 -36.20648940139453,-9.80521103273884 -36.20629924680123,-9.80511308923099 -36.20610018788710,-9.80501797758575 -36.20593628933156,-9.80494927300052 -36.20569833254614,-9.80485772970773 -36.20553280335172,-9.80480376152705 -36.20537888885841,-9.80476009735245 -36.20521744225666,-9.80471570170437 -36.20512424587821,-9.80468774861143 -36.20500515837699,-9.80466514803005 -36.20497270849257,-9.80466529965777 -36.20495709792141,-9.80470665717191 -36.20495970303418,-9.80474052435664 -36.20499376116730,-9.80482062409835 -36.20507745516679,-9.80498098906374 -36.20517218214665,-9.80514668784472 -36.20523878215454,-9.80528658563638
          </coordinates>
        </LinearRing>
      </outerBoundaryIs>
    </Polygon>
  </Placemark>
  <Placemark>
    <name>AgroCAD: 81A0</name>
    <styleUrl>FF0040FF</styleUrl>
    <Polygon>
      <outerBoundaryIs>
        <LinearRing>
          <coordinates>
           -36.20458869930169,-9.80656944404986 -36.20471952084193,-9.80643506991951 -36.20477272676445,-9.80625330327080 -36.20477918594005,-9.80622582077051 -36.20522932820694,-9.80630897463843 -36.20533690167919,-9.80632012102065 -36.20536997135038,-9.80631903322047 -36.20540244891657,-9.80631212751246 -36.20543595492359,-9.80631205855243 -36.20547212380625,-9.80631322386269 -36.20550277873621,-9.80630938315886 -36.20553621133694,-9.80630605616701 -36.20557121801493,-9.80630168289175 -36.20560534572268,-9.80630092493532 -36.20563755315187,-9.80629206522806 -36.20567129318138,-9.80627905297503 -36.20570483599119,-9.80626854575674 -36.20573995899768,-9.80625599562939 -36.20577507229250,-9.80624438746771 -36.20581120281271,-9.80623553676414 -36.20584839579295,-9.80623090180586 -36.20588298746158,-9.80622302866123 -36.20591858042427,-9.80621843794946 -36.20595237740082,-9.80620974788625 -36.20599771092543,-9.80620149909299 -36.20602174009461,-9.80619604713147 -36.20607107773654,-9.80619089780197 -36.20610668631407,-9.80618973837096 -36.20614246494161,-9.80618376909879 -36.20617723124047,-9.80617939195220 -36.20621268090553,-9.80617001523225 -36.20624552084868,-9.80615786069862 -36.20628568834548,-9.80614378365923 -36.20633973279999,-9.80612568190861 -36.20637016634128,-9.80611352478046 -36.20640241322961,-9.80610537337627 -36.20647497069359,-9.80607401169265 -36.20654850669275,-9.80604313781588 -36.20661458963449,-9.80601302247775 -36.20668498880022,-9.80597878153434 -36.20674996509669,-9.80594576220109 -36.20677573847094,-9.80594142063845 -36.20680785942322,-9.80593955363685 -36.20694323197275,-9.80593651610378 -36.20716519604239,-9.80591947689290 -36.20723302507372,-9.80592111239635 -36.20729056442773,-9.80592912119778 -36.20733008571497,-9.80593597391457 -36.20747193270068,-9.80595988293110 -36.20746592831556,-9.80597268383742 -36.20737540592252,-9.80611053224947 -36.20732904970938,-9.80624097105199 -36.20729323489353,-9.80623584197133 -36.20725551872598,-9.80623231391675 -36.20721708941582,-9.80623172311872 -36.20718284139510,-9.80623012664482 -36.20716847591758,-9.80623034429549 -36.20705739097595,-9.80626969670702 -36.20693628190414,-9.80631316248466 -36.20656911610917,-9.80644892377467 -36.20542160496962,-9.80687100415932 -36.20510283130616,-9.80698862457891 -36.20495235975319,-9.80703093467118 -36.20487895679931,-9.80710185872733 -36.20482942796493,-9.80716091523932 -36.20477089109260,-9.80704546955745 -36.20463293321198,-9.80675180501393 -36.20458213706956,-9.80660324936987 -36.20458869930169,-9.80656944404986
          </coordinates>
        </LinearRing>
      </outerBoundaryIs>
    </Polygon>
  </Placemark>
  <Placemark>
    <name>AgroCAD: 8190</name>
    <styleUrl>FF0040FF</styleUrl>
    <Polygon>
      <outerBoundaryIs>
        <LinearRing>
          <coordinates>
           -36.20603282964904,-9.80595881077850 -36.20603313594406,-9.80595904017857 -36.20603344226558,-9.80595927048638 -36.20603374860865,-9.80595950170523 -36.20603405496942,-9.80595973383930 -36.20603436134582,-9.80595996689429 -36.20603466773185,-9.80596020087296 -36.20603497412361,-9.80596043577977 -36.20603528051813,-9.80596067162005 -36.20603558691047,-9.80596090839771 -36.20603589329859,-9.80596114611902 -36.20603619967659,-9.80596138478734 -36.20603650603942,-9.80596162440684 -36.20603681238513,-9.80596186498417 -36.20603711871085,-9.80596210652543 -36.20603742501053,-9.80596234903443 -36.20603773128028,-9.80596259251662 -36.20603803751704,-9.80596283697838 -36.20603834371690,-9.80596308242552 -36.20603864987393,-9.80596332886234 -36.20603895598614,-9.80596357629640 -36.20603926205060,-9.80596382473476 -36.20603956806037,-9.80596407418133 -36.20603987401347,-9.80596432464412 -36.20604018041445,-9.80596457654784 -36.20604048795845,-9.80596483049257 -36.20604079607824,-9.80596508604446 -36.20604110400875,-9.80596534258049 -36.20604141173995,-9.80596560010101 -36.20604171926993,-9.80596585861324 -36.20604202659603,-9.80596611812397 -36.20604233371620,-9.80596637864073 -36.20604264062469,-9.80596664016805 -36.20604294732071,-9.80596690271480 -36.20604325380226,-9.80596716628914 -36.20604356006545,-9.80596743089773 -36.20604386610657,-9.80596769654760 -36.20604417192368,-9.80596796324745 -36.20604447751386,-9.80596823100546 -36.20604478287333,-9.80596849982913 -36.20604508800106,-9.80596876972863 -36.20604539289323,-9.80596904071202 -36.20604569754696,-9.80596931278826 -36.20604600195836,-9.80596958596574 -36.20604630612457,-9.80596986025387 -36.20604661004451,-9.80597013566406 -36.20604691371527,-9.80597041220625 -36.20604721713204,-9.80597068988896 -36.20604752029186,-9.80597096872261 -36.20604782319275,-9.80597124871872 -36.20604812583263,-9.80597152988915 -36.20604842820671,-9.80597181224342 -36.20604873031194,-9.80597209579301 -36.20604903214793,-9.80597238055216 -36.20604933370913,-9.80597266653059 -36.20604963499242,-9.80597295374059 -36.20604993599644,-9.80597324219649 -36.20605023671636,-9.80597353190961 -36.20605053714984,-9.80597382289398 -36.20605083729381,-9.80597411516334 -36.20605113714513,-9.80597440873163 -36.20605143670045,-9.80597470361306 -36.20605173595649,-9.80597499982225 -36.20605203490997,-9.80597529737414 -36.20605233355671,-9.80597559628322 -36.20605263189418,-9.80597589656608 -36.20605292991891,-9.80597619823870 -36.20605322762736,-9.80597650131753 -36.20605352501510,-9.80597680581849 -36.20605382208024,-9.80597711176056 -36.20605411881902,-9.80597741916135 -36.20605441522523,-9.80597772803633 -36.20605471129581,-9.80597803840477 -36.20605500702937,-9.80597835028813 -36.20605530241944,-9.80597866370332 -36.20605559746261,-9.80597897867067 -36.20605589215468,-9.80597929521055 -36.20605618649062,-9.80597961334280 -36.20605648046753,-9.80597993309024 -36.20605677407937,-9.80598025447294 -36.20605706732216,-9.80598057751379 -36.20605736019108,-9.80598090223540 -36.20605765268122,-9.80598122866100 -36.20605794478744,-9.80598155681424 -36.20605823650456,-9.80598188671944 -36.20605852782620,-9.80598221840030 -36.20605881874764,-9.80598255188312 -36.20605910926383,-9.80598288719470 -36.20605939936712,-9.80598322435961 -36.20605968905222,-9.80598356340593 -36.20605997831262,-9.80598390436127 -36.20606026714078,-9.80598424725284 -36.20606055555867,-9.80598459214402 -36.20606084419695,-9.80598493983435 -36.20606113306938,-9.80598529041797 -36.20606142126700,-9.80598564284018 -36.20606170845402,-9.80598599671459 -36.20606199462667,-9.80598635205837 -36.20606227978180,-9.80598670889011 -36.20606256391610,-9.80598706722888 -36.20606284702610,-9.80598742709426 -36.20606312910875,-9.80598778850711 -36.20606341016007,-9.80598815148787 -36.20606369017444,-9.80598851605563 -36.20606396914761,-9.80598888223191 -36.20606424707706,-9.80598925004152 -36.20606452395632,-9.80598961950480 -36.20606479977973,-9.80598999064406 -36.20606507454331,-9.80599036348471 -36.20606534824117,-9.80599073805062 -36.20606562086607,-9.80599111436465 -36.20606589241238,-9.80599149245289 -36.20606616287483,-9.80599187234295 -36.20606643224452,-9.80599225405848 -36.20606670051414,-9.80599263762628 -36.20606696767789,-9.80599302307656 -36.20606723372650,-9.80599341043566 -36.20606749865089,-9.80599379973135 -36.20606776244358,-9.80599419099496 -36.20606802509517,-9.80599458425629 -36.20606828659466,-9.80599497954410 -36.20606854693261,-9.80599537689067 -36.20606880609891,-9.80599577632887 -36.20606906408177,-9.80599617789025 -36.20606932086941,-9.80599658160802 -36.20606957644977,-9.80599698751638 -36.20606983081046,-9.80599739565065 -36.20607008393753,-9.80599780604531 -36.20607033581644,-9.80599821873552 -36.20607058643358,-9.80599863375975 -36.20607083577358,-9.80599905115543 -36.20607108381985,-9.80599947095990 -36.20607133055526,-9.80599989321131 -36.20607157596314,-9.80600031795081 -36.20607182002475,-9.80600074521801 -36.20607206272103,-9.80600117505408 -36.20607230403245,-9.80600160750171 -36.20607254393724,-9.80600204260183 -36.20607278241458,-9.80600248039944 -36.20607301944130,-9.80600292093788 -36.20607325499364,-9.80600336426181 -36.20607348904741,-9.80600381041793 -36.20607372157632,-9.80600425945159 -36.20607395255305,-9.80600471140900 -36.20607418195056,-9.80600516633995 -36.20607440973947,-9.80600562429279 -36.20607463588841,-9.80600608531495 -36.20607486036618,-9.80600654945753 -36.20607508314011,-9.80600701677201 -36.20607530417521,-9.80600748730880 -36.20607552343572,-9.80600796112013 -36.20607574088466,-9.80600843825957 -36.20607595648226,-9.80600891877862 -36.20607617018890,-9.80600940273309 -36.20607638196209,-9.80600989017678 -36.20607659175796,-9.80601038116467 -36.20607679953128,-9.80601087575331 -36.20607700523402,-9.80601137399726 -36.20607720881727,-9.80601187595412 -36.20607741023015,-9.80601238168164 -36.20607760941947,-9.80601289123746 -36.20607780601455,-9.80601340385698 -36.20607799842086,-9.80601391542773 -36.20607818665547,-9.80601442575456 -36.20607837205858,-9.80601493849345 -36.20607855476379,-9.80601545415295 -36.20607873471781,-9.80601597273573 -36.20607891186689,-9.80601649424385 -36.20607908615701,-9.80601701867954 -36.20607925753283,-9.80601754604172 -36.20607942593836,-9.80601807632811 -36.20607959131702,-9.80601860953509 -36.20607975361130,-9.80601914565648 -36.20607991276351,-9.80601968468569 -36.20608006871542,-9.80602022661486 -36.20608022140781,-9.80602077143266 -36.20608037078091,-9.80602131912582 -36.20608051677495,-9.80602186968071 -36.20608065932977,-9.80602242308202 -36.20608079838419,-9.80602297930989 -36.20608093387718,-9.80602353834427 -36.20608106574767,-9.80602410016406 -36.20608119393403,-9.80602466474449 -36.20608131837457,-9.80602523205907 -36.20608143900739,-9.80602580207876 -36.20608155577071,-9.80602637477271 -36.20608166860293,-9.80602695010854 -36.20608177744238,-9.80602752805102 -36.20608188222751,-9.80602810856218 -36.20608198289708,-9.80602869160204 -36.20608207931512,-9.80602927667275 -36.20608217067957,-9.80602985889257 -36.20608225713694,-9.80603043831735 -36.20608233957867,-9.80603102101322 -36.20608241809966,-9.80603160839780 -36.20608249256039,-9.80603220028079 -36.20608256282566,-9.80603279646017 -36.20608262876510,-9.80603339672194 -36.20608269025383,-9.80603400083992 -36.20608274717325,-9.80603460857865 -36.20608279941134,-9.80603521969138 -36.20608284686346,-9.80603583392182 -36.20608288943272,-9.80603645100449 -36.20608292703064,-9.80603707066636 -36.20608295957746,-9.80603769262704 -36.20608298700266,-9.80603831659857 -36.20608300924529,-9.80603894228836 -36.20608302625426,-9.80603956939880 -36.20608303798870,-9.80604019762849 -36.20608304441801,-9.80604082667363 -36.20608304552217,-9.80604145622801 -36.20608304129166,-9.80604208598542 -36.20608303172761,-9.80604271564021 -36.20608301684169,-9.80604334488704 -36.20608299665604,-9.80604397342396 -36.20608297120305,-9.80604460095233 -36.20608294052520,-9.80604522717731 -36.20608290467475,-9.80604585180995 -36.20608286371338,-9.80604647456751 -36.20608281770993,-9.80604709520021 -36.20608276663143,-9.80604771479050 -36.20608271045001,-9.80604833375475 -36.20608264935249,-9.80604895044181 -36.20608258349430,-9.80604956404214 -36.20608251295470,-9.80605017456704 -36.20608243781107,-9.80605078202937 -36.20608235813905,-9.80605138644335 -36.20608227401257,-9.80605198782343 -36.20608218550365,-9.80605258618596 -36.20608209268272,-9.80605318154769 -36.20608199561843,-9.80605377392637 -36.20608189437777,-9.80605436334015 -36.20608178902602,-9.80605494980852 -36.20608167962660,-9.80605553335217 -36.20608156624177,-9.80605611399032 -36.20608144893196,-9.80605669174381 -36.20608132775579,-9.80605726663513 -36.20608120277054,-9.80605783868605 -36.20608107403207,-9.80605840791826 -36.20608094159451,-9.80605897435501 -36.20608080551068,-9.80605953801885 -36.20608066583201,-9.80606009893264 -36.20608052260831,-9.80606065712026 -36.20608037588801,-9.80606121260557 -36.20608022571844,-9.80606176541162 -36.20608007214555,-9.80606231556192 -36.20607991521394,-9.80606286308027 -36.20607975496664,-9.80606340799136 -36.20607959144554,-9.80606395031956 -36.20607942469208,-9.80606449008672 -36.20607925474570,-9.80606502731753 -36.20607908164475,-9.80606556203617 -36.20607890542692,-9.80606609426539 -36.20607872612838,-9.80606662402906 -36.20607854378388,-9.80606715135190 -36.20607835842816,-9.80606767625551 -36.20607817009434,-9.80606819876308 -36.20607797829880,-9.80606872030007 -36.20607778203468,-9.80606924351418 -36.20607758199494,-9.80606976637595 -36.20607737949529,-9.80607028557063 -36.20607717462483,-9.80607080105956 -36.20607696742812,-9.80607131291353 -36.20607675794749,-9.80607182120218 -36.20607654622364,-9.80607232599284 -36.20607633229538,-9.80607282735146 -36.20607611619880,-9.80607332534456 -36.20607589796871,-9.80607382003610 -36.20607567763894,-9.80607431148704 -36.20607545524066,-9.80607479975938 -36.20607523080327,-9.80607528491418 -36.20607500435558,-9.80607576700897 -36.20607477592461,-9.80607624610098 -36.20607454553570,-9.80607672224657 -36.20607431321309,-9.80607719550047 -36.20607407897968,-9.80607766591613 -36.20607384285710,-9.80607813354592 -36.20607360486539,-9.80607859844177 -36.20607336502432,-9.80607906065264 -36.20607312335207,-9.80607952022731 -36.20607287986584,-9.80607997721331 -36.20607263458137,-9.80608043165787 -36.20607238751478,-9.80608088360435 -36.20607213867993,-9.80608133309789 -36.20607188808970,-9.80608178018228 -36.20607163575766,-9.80608222489770 -36.20607138169452,-9.80608266728677 -36.20607112591119,-9.80608310738929 -36.20607086841884,-9.80608354524233 -36.20607060922650,-9.80608398088448 -36.20607034834231,-9.80608441435341 -36.20607008577493,-9.80608484568398 -36.20606982153222,-9.80608527491040 -36.20606955562001,-9.80608570206814 -36.20606928804447,-9.80608612719010 -36.20606901881215,-9.80608655030699 -36.20606874792778,-9.80608697145050 -36.20606847539583,-9.80608739065107 -36.20606820121959,-9.80608780793922 -36.20606792540264,-9.80608822334342 -36.20606764794908,-9.80608863688983 -36.20606736886147,-9.80608904860552 -36.20606708814074,-9.80608945851837 -36.20606680578840,-9.80608986665403 -36.20606652180637,-9.80609027303615 -36.20606623619542,-9.80609067768871 -36.20606594895588,-9.80609108063503 -36.20606566008835,-9.80609148189686 -36.20606536959062,-9.80609188149850 -36.20606507746327,-9.80609227945926 -36.20606478370635,-9.80609267579806 -36.20606448831576,-9.80609307053827 -36.20606419129109,-9.80609346369710 -36.20606389263030,-9.80609385529306 -36.20606359233074,-9.80609424534419 -36.20606329038967,-9.80609463386782 -36.20606298680338,-9.80609502088135 -36.20606268156974,-9.80609540639928 -36.20606237468376,-9.80609579043882 -36.20606206614215,-9.80609617301394 -36.20606175594132,-9.80609655413831 -36.20606144407451,-9.80609693382838 -36.20606113053912,-9.80609731209468 -36.20606081532921,-9.80609768895110 -36.20606049843872,-9.80609806441054 -36.20606017986278,-9.80609843848391 -36.20605985959531,-9.80609881118261 -36.20605953763108,-9.80609918251619 -36.20605921396212,-9.80609955249675 -36.20605888858156,-9.80609992113418 -36.20605856201507,-9.80610028783963 -36.20605823506752,-9.80610065175018 -36.20605790755261,-9.80610101312910 -36.20605757900422,-9.80610137252009 -36.20605724942545,-9.80610172994369 -36.20605691881769,-9.80610208542149 -36.20605658718191,-9.80610243897451 -36.20605625451891,-9.80610279062326 -36.20605592082913,-9.80610314038761 -36.20605558611338,-9.80610348828639 -36.20605525036897,-9.80610383434106 -36.20605491359715,-9.80610417856830 -36.20605457579877,-9.80610452098442 -36.20605423697013,-9.80610486160963 -36.20605389710986,-9.80610520046099 -36.20605355621700,-9.80610553755427 -36.20605321429068,-9.80610587290465 -36.20605287132775,-9.80610620652875 -36.20605252732462,-9.80610653844285 -36.20605218227942,-9.80610686866098 -36.20605183619001,-9.80610719719660 -36.20605148905118,-9.80610752406557 -36.20605114086014,-9.80610784928067 -36.20605079161403,-9.80610817285424 -36.20605044130571,-9.80610849480177 -36.20605008993344,-9.80610881513321 -36.20604973749267,-9.80610913386052 -36.20604938397633,-9.80610945099727 -36.20604902937908,-9.80610976655476 -36.20604867369721,-9.80611008054233 -36.20604831692382,-9.80611039297149 -36.20604795905068,-9.80611070385432 -36.20601188742448,-9.80612134108753 -36.20598561025523,-9.80612808344310 -36.20594876449170,-9.80613418787104 -36.20591556967879,-9.80614043042819 -36.20588293393927,-9.80614534762941 -36.20585474942219,-9.80614517020885 -36.20582386322909,-9.80614734146123 -36.20579697940018,-9.80614997654871 -36.20576634586992,-9.80615522404350 -36.20573771316733,-9.80615782467461 -36.20569143456676,-9.80616646673339 -36.20562300260500,-9.80617603297118 -36.20555421556362,-9.80618494020816 -36.20546024255801,-9.80619582882844 -36.20539636673952,-9.80620521972853 -36.20536560094768,-9.80620935839186 -36.20533233803243,-9.80621680630167 -36.20529927015184,-9.80621915894390 -36.20525877233208,-9.80621981933954 -36.20521894672759,-9.80621349391904 -36.20518203105721,-9.80620250102924 -36.20514717312463,-9.80618885387170 -36.20510944515799,-9.80617308877278 -36.20508154326392,-9.80615907044270 -36.20504217414342,-9.80614375226963 -36.20497688831985,-9.80612240315379 -36.20494220187378,-9.80610979240091 -36.20485679041669,-9.80605417407359 -36.20482344178542,-9.80603752079640 -36.20478332580060,-9.80620820648789 -36.20523266372433,-9.80629121176362 -36.20533629784607,-9.80630206261862 -36.20536774251815,-9.80630102827108 -36.20540049948163,-9.80629406315411 -36.20543623182782,-9.80629398961149 -36.20547127270901,-9.80629511857871 -36.20550072757473,-9.80629142822836 -36.20553416342666,-9.80628810091250 -36.20556987227745,-9.80628363991638 -36.20560266645243,-9.80628291157658 -36.20563180342253,-9.80627489649905 -36.20566524270167,-9.80626200023351 -36.20569900332376,-9.80625142478555 -36.20573399073103,-9.80623892310987 -36.20576796393239,-9.80622769185318 -36.20577806514490,-9.80622340187412 -36.20580975287335,-9.80621673274853 -36.20584544327722,-9.80620627643862 -36.20588253577088,-9.80620164637216 -36.20591844552623,-9.80619530168678 -36.20595554839370,-9.80618840400814 -36.20599188143020,-9.80618206429752 -36.20601842481824,-9.80617826426551 -36.20602073228550,-9.80617774072571 -36.20606257964386,-9.80617319905960 -36.20609833245860,-9.80616845210633 -36.20613180588728,-9.80616673378577 -36.20616865374728,-9.80615901076298 -36.20619957716211,-9.80614967493045 -36.20626087485636,-9.80612988315960 -36.20631210278548,-9.80610981477627 -36.20635169960172,-9.80609745818812 -36.20642793397909,-9.80607041721746 -36.20645991871742,-9.80605844069792 -36.20648987982272,-9.80604520648603 -36.20651701120033,-9.80603266221084 -36.20657228743684,-9.80600800608545 -36.20659922817033,-9.80599371832123 -36.20662279496687,-9.80598107611624 -36.20664882362798,-9.80596755881369 -36.20667531917154,-9.80595618427857 -36.20670055901997,-9.80594655312830 -36.20672655127445,-9.80593101848494 -36.20675350184045,-9.80591776336901 -36.20677820870094,-9.80591182473384 -36.20680468895994,-9.80591212190754 -36.20683332339968,-9.80591332602118 -36.20686494677087,-9.80591475740883 -36.20689205265757,-9.80591642112369 -36.20692710558108,-9.80591647660224 -36.20695834422801,-9.80591348159631 -36.20699077521662,-9.80591129622938 -36.20702300392040,-9.80590764555447 -36.20708600804983,-9.80590344571755 -36.20711855372953,-9.80589824247584 -36.20715058055327,-9.80589629266002 -36.20718200180443,-9.80589270797532 -36.20721127110969,-9.80589209950180 -36.20727547393320,-9.80590190517543 -36.20730312205790,-9.80590725036228 -36.20733275780201,-9.80591278118190 -36.20736338496567,-9.80592099409148 -36.20738401583270,-9.80592673669749 -36.20739812752559,-9.80592911529399 -36.20742801363621,-9.80593050269010 -36.20745525066657,-9.80593304842127 -36.20748180763470,-9.80593576100713 -36.20753733382193,-9.80585918789562 -36.20719243200874,-9.80560086715472 -36.20707595520790,-9.80551610917524 -36.20595433614450,-9.80552728223670 -36.20567888941871,-9.80549464537695 -36.20551608288351,-9.80544492506551 -36.20525704956445,-9.80532495754277 -36.20527010348492,-9.80535237816461 -36.20536010615943,-9.80559330190741 -36.20540335446527,-9.80571229843386 -36.20540498849733,-9.80571401800803 -36.20540662275285,-9.80571573724278 -36.20540825745527,-9.80571745579869 -36.20540989282805,-9.80571917333634 -36.20541152909466,-9.80572088951631 -36.20541316647852,-9.80572260399918 -36.20541480520311,-9.80572431644553 -36.20541644549187,-9.80572602651596 -36.20541808756823,-9.80572773387103 -36.20541973165565,-9.80572943817135 -36.20542137797760,-9.80573113907746 -36.20542302675750,-9.80573283624995 -36.20542467821883,-9.80573452934944 -36.20542633258502,-9.80573621803647 -36.20542799007949,-9.80573790197164 -36.20542965092576,-9.80573958081553 -36.20543131534723,-9.80574125422872 -36.20543298356736,-9.80574292187179 -36.20543465580960,-9.80574458340531 -36.20543633229741,-9.80574623848988 -36.20543801325422,-9.80574788678609 -36.20543969890350,-9.80574952795450 -36.20544138946868,-9.80575116165567 -36.20544308517323,-9.80575278755023 -36.20544478624058,-9.80575440529875 -36.20544649289419,-9.80575601456179 -36.20544820535751,-9.80575761499994 -36.20544992385401,-9.80575920627377 -36.20545164860710,-9.80576078804389 -36.20545337984025,-9.80576235997088 -36.20545511777691,-9.80576392171529 -36.20545686264052,-9.80576547293773 -36.20545861465455,-9.80576701329876 -36.20546037404243,-9.80576854245897 -36.20546214102761,-9.80577006007895 -36.20546391583355,-9.80577156581927 -36.20546569868371,-9.80577305934052 -36.20546748980152,-9.80577454030327 -36.20546928941044,-9.80577600836811 -36.20547109773390,-9.80577746319562 -36.20547291499538,-9.80577890444638 -36.20547474141832,-9.80578033178096 -36.20547657722614,-9.80578174485997 -36.20547842264233,-9.80578314334396 -36.20548027789032,-9.80578452689353 -36.20548214319357,-9.80578589516925 -36.20548401877553,-9.80578724783172 -36.20548590485962,-9.80578858454151 -36.20548780166933,-9.80578990495920 -36.20548970942808,-9.80579120874535 -36.20549162835934,-9.80579249556057 -36.20549355868656,-9.80579376506545 -36.20549550063316,-9.80579501692054 -36.20549745442263,-9.80579625078644 -36.20549942027839,-9.80579746632372 -36.20550139842392,-9.80579866319297 -36.20550338908263,-9.80579984105478 -36.20550539247799,-9.80580099956970 -36.20550740883345,-9.80580213839834 -36.20550943834976,-9.80580325723728 -36.20551148069378,-9.80580435663026 -36.20551353499181,-9.80580543797866 -36.20551560034613,-9.80580650272200 -36.20551767585904,-9.80580755229978 -36.20551976063282,-9.80580858815152 -36.20552185376975,-9.80580961171673 -36.20552395437214,-9.80581062443493 -36.20552606154222,-9.80581162774562 -36.20552817438233,-9.80581262308831 -36.20553029199474,-9.80581361190251 -36.20553241348171,-9.80581459562776 -36.20553453794555,-9.80581557570353 -36.20553666448855,-9.80581655356939 -36.20553879221298,-9.80581753066479 -36.20554092022113,-9.80581850842928 -36.20554304761529,-9.80581948830235 -36.20554517349773,-9.80582047172354 -36.20554729697075,-9.80582146013235 -36.20554941713662,-9.80582245496829 -36.20555153309766,-9.80582345767087 -36.20555364420481,-9.80582446922607 -36.20555575080494,-9.80582548880349 -36.20555785349422,-9.80582651511815 -36.20555995286878,-9.80582754688508 -36.20556204952475,-9.80582858281929 -36.20556414405830,-9.80582962163579 -36.20556623706555,-9.80583066204959 -36.20556832914267,-9.80583170277570 -36.20557042088579,-9.80583274252917 -36.20557251289105,-9.80583378002496 -36.20557460575459,-9.80583481397814 -36.20557670007257,-9.80583584310368 -36.20557879644112,-9.80583686611663 -36.20558089545639,-9.80583788173197 -36.20558299771451,-9.80583888866475 -36.20558510381164,-9.80583988562993 -36.20558721434392,-9.80584087134260 -36.20558932990750,-9.80584184451770 -36.20559145109851,-9.80584280387031 -36.20559357851310,-9.80584374811539 -36.20559571272933,-9.80584467600927 -36.20559785391729,-9.80584558724042 -36.20560000184319,-9.80584648241992 -36.20560215625607,-9.80584736219821 -36.20560431690494,-9.80584822722574 -36.20560648353877,-9.80584907815299 -36.20560865590662,-9.80584991563039 -36.20561083375746,-9.80585074030838 -36.20561301684033,-9.80585155283741 -36.20561520490422,-9.80585235386796 -36.20561739769815,-9.80585314405045 -36.20561959497113,-9.80585392403535 -36.20562179647217,-9.80585469447308 -36.20562400195029,-9.80585545601413 -36.20562621115448,-9.80585620930893 -36.20562842383377,-9.80585695500791 -36.20563063973715,-9.80585769376156 -36.20563285861365,-9.80585842622031 -36.20563508021226,-9.80585915303461 -36.20563730428202,-9.80585987485491 -36.20563953057191,-9.80586059233167 -36.20564175883095,-9.80586130611533 -36.20564398880817,-9.80586201685632 -36.20564622025255,-9.80586272520513 -36.20564845291312,-9.80586343181221 -36.20565068653887,-9.80586413732797 -36.20565292087884,-9.80586484240290 -36.20565515568202,-9.80586554768742 -36.20565739069744,-9.80586625383200 -36.20565962567409,-9.80586696148709 -36.20566186036099,-9.80586767130313 -36.20566409450714,-9.80586838393058 -36.20566632786156,-9.80586910001989 -36.20566856017326,-9.80586982022150 -36.20567079119125,-9.80587054518586 -36.20567302066469,-9.80587127556299 -36.20567524843096,-9.80587201172415 -36.20567747456635,-9.80587275328645 -36.20567969918705,-9.80587349974067 -36.20568192240927,-9.80587425057758 -36.20568414434926,-9.80587500528797 -36.20568636512326,-9.80587576336264 -36.20568858484749,-9.80587652429236 -36.20569080363817,-9.80587728756791 -36.20569302161152,-9.80587805268009 -36.20569523888379,-9.80587881911966 -36.20569745557118,-9.80587958637743 -36.20569967178995,-9.80588035394417 -36.20570188765631,-9.80588112131066 -36.20570410328649,-9.80588188796768 -36.20570631879671,-9.80588265340604 -36.20570853430322,-9.80588341711650 -36.20571074992223,-9.80588417858986 -36.20571296576996,-9.80588493731688 -36.20571518196266,-9.80588569278837 -36.20571739861654,-9.80588644449510 -36.20571961584784,-9.80588719192786 -36.20572183377277,-9.80588793457743 -36.20572405250758,-9.80588867193460 -36.20572627216849,-9.80588940349016 -36.20572849287172,-9.80589012873486 -36.20573071473351,-9.80589084715952 -36.20573293787007,-9.80589155825489 -36.20573516239764,-9.80589226151180 -36.20573738843245,-9.80589295642100 -36.20573961609073,-9.80589364247327 -36.20574184548870,-9.80589431915942 -36.20574407674258,-9.80589498597022 -36.20574630996861,-9.80589564239645 -36.20574854528300,-9.80589628792889 -36.20575078280201,-9.80589692205833 -36.20575302264185,-9.80589754427558 -36.20575526491874,-9.80589815407137 -36.20575750974891,-9.80589875093653 -36.20575975724860,-9.80589933436182 -36.20576200753401,-9.80589990383803 -36.20576426072141,-9.80590045885594 -36.20576651692700,-9.80590099890635 -36.20576877624365,-9.80590152361038 -36.20577103866852,-9.80590203312342 -36.20577330417423,-9.80590252773782 -36.20577557273339,-9.80590300774591 -36.20577784431862,-9.80590347344002 -36.20578011890255,-9.80590392511245 -36.20578239645779,-9.80590436305558 -36.20578467695696,-9.80590478756169 -36.20578696037266,-9.80590519892314 -36.20578924667753,-9.80590559743224 -36.20579153584420,-9.80590598338132 -36.20579382784525,-9.80590635706271 -36.20579612265334,-9.80590671876873 -36.20579842024105,-9.80590706879173 -36.20580072058102,-9.80590740742402 -36.20580302364588,-9.80590773495794 -36.20580532940823,-9.80590805168579 -36.20580763784069,-9.80590835789994 -36.20580994891589,-9.80590865389268 -36.20581226260644,-9.80590893995636 -36.20581457888495,-9.80590921638331 -36.20581689772405,-9.80590948346584 -36.20581921909636,-9.80590974149630 -36.20582154297449,-9.80590999076699 -36.20582386933107,-9.80591023157026 -36.20582619813871,-9.80591046419842 -36.20582852937003,-9.80591068894382 -36.20583086299765,-9.80591090609878 -36.20583319899419,-9.80591111595562 -36.20583553733226,-9.80591131880667 -36.20583787798450,-9.80591151494428 -36.20584022092351,-9.80591170466073 -36.20584256612191,-9.80591188824840 -36.20584491355232,-9.80591206599958 -36.20584726318737,-9.80591223820660 -36.20584961499966,-9.80591240516183 -36.20585196896183,-9.80591256715756 -36.20585432504647,-9.80591272448613 -36.20585668322622,-9.80591287743984 -36.20585904347370,-9.80591302631107 -36.20586140576153,-9.80591317139211 -36.20586377006230,-9.80591331297532 -36.20586613634866,-9.80591345135298 -36.20586850459322,-9.80591358681744 -36.20587087476862,-9.80591371966106 -36.20587324684743,-9.80591385017613 -36.20587562079884,-9.80591397866088 -36.20587799647533,-9.80591410561306 -36.20588037358747,-9.80591423177286 -36.20588275183728,-9.80591435789523 -36.20588513092677,-9.80591448473504 -36.20588751055795,-9.80591461304723 -36.20588989043282,-9.80591474358667 -36.20589227025341,-9.80591487710825 -36.20589464972172,-9.80591501436691 -36.20589702853976,-9.80591515611755 -36.20589940640954,-9.80591530311504 -36.20590178303306,-9.80591545611431 -36.20590415811236,-9.80591561587025 -36.20590653134943,-9.80591578313777 -36.20590890244628,-9.80591595867177 -36.20591127110493,-9.80591614322716 -36.20591363702740,-9.80591633755884 -36.20591599991566,-9.80591654242171 -36.20591835947176,-9.80591675857066 -36.20592071539770,-9.80591698676062 -36.20592306739550,-9.80591722774648 -36.20592541516714,-9.80591748228314 -36.20592775841467,-9.80591775112549 -36.20593009684007,-9.80591803502847 -36.20593243014538,-9.80591833474695 -36.20593475803258,-9.80591865103585 -36.20593708020368,-9.80591898465006 -36.20593939636073,-9.80591933634450 -36.20594170620571,-9.80591970687405 -36.20594400944064,-9.80592009699364 -36.20594630576753,-9.80592050745815 -36.20594859488838,-9.80592093902252 -36.20595087650523,-9.80592139244160 -36.20595315032006,-9.80592186847033 -36.20595541603489,-9.80592236786360 -36.20595767335174,-9.80592289137632 -36.20595992197261,-9.80592343976338 -36.20596216159952,-9.80592401377971 -36.20596439193448,-9.80592461418018 -36.20596661267950,-9.80592524171970 -36.20596882353658,-9.80592589715321 -36.20597102420775,-9.80592658123557 -36.20597321439501,-9.80592729472169 -36.20597539380036,-9.80592803836650 -36.20597756212585,-9.80592881292488 -36.20597971907345,-9.80592961915174 -36.20598186434519,-9.80593045780197 -36.20598399772429,-9.80593132941283 -36.20598611949963,-9.80593223316662 -36.20598823015431,-9.80593316772505 -36.20599033017182,-9.80593413174881 -36.20599242003568,-9.80593512389856 -36.20599450022940,-9.80593614283495 -36.20599657123650,-9.80593718721869 -36.20599863354047,-9.80593825571041 -36.20600068762481,-9.80593934697080 -36.20600273397306,-9.80594045966050 -36.20600477306869,-9.80594159244019 -36.20600680539524,-9.80594274397057 -36.20600883143621,-9.80594391291223 -36.20601085167511,-9.80594509792591 -36.20601286659542,-9.80594629767225 -36.20601487668066,-9.80594751081191 -36.20601688241439,-9.80594873600555 -36.20601888428004,-9.80594997191387 -36.20602088276115,-9.80595121719749 -36.20602287834125,-9.80595247051713 -36.20602487150382,-9.80595373053342 -36.20602686273238,-9.80595499590703 -36.20602885251043,-9.80595626529864 -36.20603084132148,-9.80595753736890 -36.20603282964904,-9.80595881077850
          </coordinates>
        </LinearRing>
      </outerBoundaryIs>
    </Polygon>
  </Placemark>
  <Placemark>
    <name>AgroCAD: 81A1</name>
    <styleUrl>FF0040FF</styleUrl>
    <Polygon>
      <outerBoundaryIs>
        <LinearRing>
          <coordinates>
           -36.20478697428236,-9.80509711422935 -36.20474396418908,-9.80459885799534 -36.20482536346941,-9.80462250146018 -36.20486425047129,-9.80467777716963 -36.20493963924209,-9.80480584911360 -36.20501019733592,-9.80494516223646 -36.20510428560517,-9.80512231773581 -36.20520107964809,-9.80531477893407 -36.20526152369839,-9.80544905806949 -36.20528334636958,-9.80551845461476 -36.20530804435291,-9.80562226414326 -36.20532857736769,-9.80572759514116 -36.20524849773981,-9.80572924304896 -36.20513082497325,-9.80566709365369 -36.20484820117286,-9.80528753634205 -36.20478697428236,-9.80509711422935
          </coordinates>
        </LinearRing>
      </outerBoundaryIs>
    </Polygon>
  </Placemark>
  <Placemark>
    <name>AgroCAD: 819D</name>
    <styleUrl>FF0040FF</styleUrl>
    <Polygon>
      <outerBoundaryIs>
        <LinearRing>
          <coordinates>
           -36.20478697428236,-9.80509711422935 -36.20474396418908,-9.80459885799534 -36.20482536346941,-9.80462250146018 -36.20486425047129,-9.80467777716963 -36.20493963924209,-9.80480584911360 -36.20501019733592,-9.80494516223646 -36.20510428560517,-9.80512231773581 -36.20520107964809,-9.80531477893407 -36.20526152369839,-9.80544905806949 -36.20528334636958,-9.80551845461476 -36.20530804435291,-9.80562226414326 -36.20532857736769,-9.80572759514116 -36.20524849773981,-9.80572924304896 -36.20513082497325,-9.80566709365369 -36.20484820117286,-9.80528753634205 -36.20478697428236,-9.80509711422935
          </coordinates>
        </LinearRing>
      </outerBoundaryIs>
    </Polygon>
  </Placemark>
  <Placemark>
    <name>AgroCAD: 819E</name>
    <styleUrl>FF0040FF</styleUrl>
    <Polygon>
      <outerBoundaryIs>
        <LinearRing>
          <coordinates>
           -36.20742878668360,-9.80644125655797 -36.20742841203361,-9.80643649153798 -36.20742400618285,-9.80640816485082 -36.20741437409625,-9.80637563941547 -36.20740079246194,-9.80634553880883 -36.20738113019832,-9.80631992060777 -36.20734447519687,-9.80629396992455 -36.20732381170763,-9.80628428969797 -36.20727751767210,-9.80627890842827 -36.20724178809343,-9.80627869219712 -36.20720660236892,-9.80627897507231 -36.20717162278579,-9.80627989259168 -36.20713810529262,-9.80628530625404 -36.20710679459004,-9.80629307527784 -36.20707854336636,-9.80629991842588 -36.20694784944541,-9.80634681389962 -36.20693902492094,-9.80635000686848 -36.20742878668360,-9.80644125655797
          </coordinates>
        </LinearRing>
      </outerBoundaryIs>
    </Polygon>
  </Placemark>
</Document>
</kml>
